Configuration,ChangedComponent,Multiplier,Algorithm,EnvironmentSeed,AlgorithmSeed,EvaluationAvailable,Feasible,EnergyWh,TimeS,ClimbCost,DynamicRisk,TotalPenalty,RescoredJ,ArchivedJ
Base,None,1,RA-ALA,483,547,1,1,8.15383604693111,100.076807823234,0.704259938927398,0.0538581536037746,0,10.9349108593506,10.9349108593506
Base,None,1,RA-ALA,483,600,1,1,10.2101142994544,114.746500703153,1.23538478999675,0.057097753708506,0,14.2080822557259,14.2080822557259
Base,None,1,RA-ALA,483,653,1,1,8.37556242093647,99.9873343046541,1.01146715337534,0.0350967733224698,0,11.582692246784,11.582692246784
Base,None,1,RA-ALA,638,702,1,0,8.23397536500022,97.8205988004526,0.75701166246113,0.00904236212027807,1.40581453545686,151.235047513482,151.235047513482
Base,None,1,RA-ALA,638,755,1,0,7.02677102508788,91.7284720419171,0.474283540416426,0,0.00731132783877769,9.47087482348114,9.47087482348114
Base,None,1,RA-ALA,638,808,1,0,8.18729613111483,96.0898794880488,1.42969974096802,0.0117410121574056,0.00672470906483107,12.6373256368418,12.6373256368418
Base,None,1,RA-ALA,855,919,1,1,10.4688215699344,109.778947290673,2.00086905054339,0.0149783377903816,0,15.5351676096806,15.5351676096806
Base,None,1,RA-ALA,855,972,1,1,6.46161315814858,85.6703971184415,0.0462568768313119,0,0,7.26804688779822,7.26804688779822
Base,None,1,RA-ALA,855,1025,1,1,8.42830672182967,95.3962387352999,1.07621052646887,0.000632490601668396,0,11.3820213369116,11.3820213369116
Base,None,1,RA-ALA,948,1012,1,1,6.71512535054084,86.5737965397211,0.360644721777344,4.36686298008747e-05,0,8.15829978489121,8.15829978489121
Base,None,1,RA-ALA,948,1065,1,1,6.8562078496853,87.0212696096227,0.372091825736634,0.00342566853403561,0,8.35982543324578,8.35982543324578
Base,None,1,RA-ALA,948,1118,1,1,7.25548039279388,88.8059320718881,0.631208807328431,0.0019556928595471,0,9.27750436997862,9.27750436997862
Base,None,1,RA-ALA,1041,1105,1,1,8.59263336384759,96.3632050301627,1.1194258916925,8.65873129914025e-05,0,11.6353777289472,11.6353777289472
Base,None,1,RA-ALA,1041,1158,1,0,13.1048079297605,144.089631499926,2.00977813103307,0.0174057276582073,0.869523440304532,105.451512428028,105.451512428028
Base,None,1,RA-ALA,1041,1211,1,0,9.69148667919162,114.011664307467,1.28114107797731,0,0.869714132321639,100.175279269872,100.175279269872
Base,None,1,RA-ALA,1103,1167,1,1,5.784049788273,70.5129852525987,0.494738189502689,0.0131083945624939,0,7.49221832334164,7.49221832334164
Base,None,1,RA-ALA,1103,1220,1,1,5.56895781893055,70.7514205904272,0.467809109408127,0.00432118696897065,0,7.13738307902341,7.13738307902341
Base,None,1,RA-ALA,1103,1273,1,1,6.11752407208882,70.5552404653062,0.805287200974742,0.0125026821805292,0,8.44108563305448,8.44108563305448
Base,None,1,RA-ALA,1227,1291,1,1,9.53221838179634,98.4069079020996,1.9948089468182,0.000920787073964538,0,14.3511017120232,14.3511017120232
Base,None,1,RA-ALA,1227,1344,1,1,7.17532368028695,90.4416072325564,0.45656886390939,0,0,8.84214146837704,8.84214146837704
Base,None,1,RA-ALA,1227,1397,1,1,7.53791665506141,98.3504468082671,0.47328148838425,0.00297861981606538,0,9.33385288672612,9.33385288672612
Base,None,1,RA-ALA,1475,1539,1,1,6.07934254071172,70.4193239403963,0.900762349412162,0,0,8.46769493903934,8.46769493903934
Base,None,1,RA-ALA,1475,1592,1,1,5.54936213226354,67.453064073019,0.514368193296314,9.29445916241159e-05,0,7.14113683204756,7.14113683204756
Base,None,1,RA-ALA,1475,1645,1,1,5.48691657433538,68.548852607184,0.474819233009625,4.35582695166917e-05,0,7.008231061443,7.008231061443
Base,None,1,RA-ALA,2312,2376,1,1,7.13428837184972,83.5127815640736,0.831286699072747,0,0,9.49280161636249,9.49280161636249
Base,None,1,RA-ALA,2312,2429,1,1,6.82926122596219,86.2738476448991,0.602978213674786,0.000703680393140862,0,8.76120318761733,8.76120318761733
Base,None,1,RA-ALA,2312,2482,1,1,8.17465829896202,95.5146012194315,0.97878673558453,0.0155481602478779,0,11.0836683827718,11.0836683827718
Base,None,1,RA-ALA,2560,2624,1,1,7.13924743449586,80.368124159768,1.13559087105626,0.00208278262074165,0,10.1009913708139,10.1009913708139
Base,None,1,RA-ALA,2560,2677,1,0,14.8446209670614,144.507342050458,3.39789061319217,0.0189461024153748,0.112216775100351,34.2557685780551,34.2557685780551
Base,None,1,RA-ALA,2560,2730,1,1,8.76081592781764,84.4974047748592,2.16155403716205,0.0124957019821948,0,13.9130260617542,13.9130260617542
Base,None,1,Energy-A*,483,NaN,1,1,7.3899305218494,90.3309860073339,0.445377793962028,0.574152118151938,0,14.7749655080206,14.7749655080206
Base,None,1,Energy-A*,638,NaN,1,0,7.51290258166744,91.9184021721214,0.440618933173671,0,1.58812792378808,167.97291951159,167.97291951159
Base,None,1,Energy-A*,855,NaN,1,1,7.00956783670042,84.7861235705395,0.444044203750937,0.00425923441662897,0,8.64679961812307,8.64679961812307
Base,None,1,Energy-A*,948,NaN,1,1,7.54937834441255,91.9236739676502,0.454952557844741,0,0,9.22531407649912,9.22531407649912
Base,None,1,Energy-A*,1041,NaN,1,0,7.08403294810438,86.037382694546,0.441646631261612,0.00885779480981272,3.28979428200548,337.752310548395,337.752310548395
Base,None,1,Energy-A*,1103,NaN,0,0,NaN,NaN,NaN,NaN,NaN,NaN,NaN
Base,None,1,Energy-A*,1227,NaN,1,1,7.66954577132874,94.0635830531745,0.445744425623543,0,0,9.34489781468561,9.34489781468561
Base,None,1,Energy-A*,1475,NaN,1,1,6.45020343104816,73.9322221880963,0.671278605592387,0,0,8.4088624938004,8.4088624938004
Base,None,1,Energy-A*,2312,NaN,1,1,7.19065472027393,86.8542273259752,0.448785444702423,0.243506936553431,0,11.2470802029295,11.2470802029295
Base,None,1,Energy-A*,2560,NaN,1,0,7.11915795353601,86.1017946382157,0.464147717544105,0.103816683971556,0.166743106978164,26.4774458814747,26.4774458814747
Base,None,1,Informed-RRT*,483,569,1,0,8.33380265532389,88.0516493669614,1.58331662681967,0.847195883309103,4.00104394480474,420.810552967253,420.810552967253
Base,None,1,Informed-RRT*,483,622,1,0,8.16411088458937,88.9588123403382,1.31159675184838,1.30966089974306,10.0432588455004,1028.95112137192,1028.95112137192
Base,None,1,Informed-RRT*,483,675,1,0,8.62425511022709,88.8761601646126,1.76541397493521,1.26962565028556,9.45473316243918,971.06529047491,971.06529047491
Base,None,1,Informed-RRT*,638,724,0,0,NaN,NaN,NaN,NaN,NaN,NaN,NaN
Base,None,1,Informed-RRT*,638,777,0,0,NaN,NaN,NaN,NaN,NaN,NaN,NaN
Base,None,1,Informed-RRT*,638,830,0,0,NaN,NaN,NaN,NaN,NaN,NaN,NaN
Base,None,1,Informed-RRT*,855,941,1,1,8.96193621575657,90.8177975482536,1.99319572870031,0.312231792719147,0,16.8274605799174,16.8274605799174
Base,None,1,Informed-RRT*,855,994,1,0,8.81376330759704,92.204879554606,1.77065867689201,0.404967130754288,0.868740274896799,104.047153454892,104.047153454892
Base,None,1,Informed-RRT*,855,1047,1,0,7.77140470869576,84.274968554858,1.28168920714492,0.0116463684252252,0.250000000000002,36.1535382118618,36.1535382118618
Base,None,1,Informed-RRT*,948,1034,1,0,9.1221413374736,95.7503227937804,1.7956386147934,0.0322233904782205,0.322999581064098,46.1335299348672,46.1335299348672
Base,None,1,Informed-RRT*,948,1087,1,1,9.10774866406403,92.196017133568,2.00314665386811,0.00397873991018449,0,13.9221295136818,13.9221295136818
Base,None,1,Informed-RRT*,948,1140,1,0,7.73522476868856,87.8613461724552,1.06296841349843,0.0111446591461261,0.444444444444445,55.1492305163616,55.1492305163616
Base,None,1,Informed-RRT*,1041,1127,0,0,NaN,NaN,NaN,NaN,NaN,NaN,NaN
Base,None,1,Informed-RRT*,1041,1180,0,0,NaN,NaN,NaN,NaN,NaN,NaN,NaN
Base,None,1,Informed-RRT*,1041,1233,0,0,NaN,NaN,NaN,NaN,NaN,NaN,NaN
Base,None,1,Informed-RRT*,1103,1189,1,1,7.3806904562533,73.0011434702517,1.70963516712409,0.00811657843477341,0,11.4894694371013,11.4894694371013
Base,None,1,Informed-RRT*,1103,1242,1,0,7.29187649558715,75.193701974023,1.51052877514889,0.466726288075901,4.10811704755824,426.418515865585,426.418515865585
Base,None,1,Informed-RRT*,1103,1295,1,0,7.81850771797329,74.015911345428,2.01576828215173,0.0269911591124456,0.3875,51.4867551346131,51.4867551346131
Base,None,1,Informed-RRT*,1227,1313,1,1,9.06007221258049,99.1690009967276,1.58223970952049,0.00629964778845476,0,13.1139564511454,13.1139564511454
Base,None,1,Informed-RRT*,1227,1366,1,1,9.27794548330734,94.7658175433163,1.94015019167669,0,0,13.947961012855,13.947961012855
Base,None,1,Informed-RRT*,1227,1419,1,0,8.98332974707555,96.0792944077886,1.70408130318776,0.0216969161787786,0.512499999999999,64.6591223019703,64.6591223019703
Base,None,1,Informed-RRT*,1475,1561,1,1,8.58633663030838,76.604638747367,2.4619728220526,5.10100205289911e-05,0,14.1491643641803,14.1491643641803
Base,None,1,Informed-RRT*,1475,1614,1,1,10.1743607415633,80.987381897487,3.29557697213772,0.0015167429560572,0,17.455576964545,17.455576964545
Base,None,1,Informed-RRT*,1475,1667,1,1,7.682511072812,72.0306593393407,1.95287309669059,0,0,12.1885127606877,12.1885127606877
Base,None,1,Informed-RRT*,2312,2398,1,1,7.97613185911534,84.0683756715136,1.49986329510263,0.029191104535821,0,11.9683392919414,11.9683392919414
Base,None,1,Informed-RRT*,2312,2451,1,0,6.86048906480197,80.7435180222296,0.796775603351078,0.103462532243691,1.55171830367044,165.33335861117,165.33335861117
Base,None,1,Informed-RRT*,2312,2504,1,0,7.86011723591314,84.4473616114031,1.4476470457669,0.0206726012753423,0.205128205128205,32.1786858664492,32.1786858664492
Base,None,1,Informed-RRT*,2560,2646,0,0,NaN,NaN,NaN,NaN,NaN,NaN,NaN
Base,None,1,Informed-RRT*,2560,2699,0,0,NaN,NaN,NaN,NaN,NaN,NaN,NaN
Base,None,1,Informed-RRT*,2560,2752,0,0,NaN,NaN,NaN,NaN,NaN,NaN,NaN
Base,None,1,ST-EA*,483,NaN,0,0,NaN,NaN,NaN,NaN,NaN,NaN,NaN
Base,None,1,ST-EA*,638,NaN,0,0,NaN,NaN,NaN,NaN,NaN,NaN,NaN
Base,None,1,ST-EA*,855,NaN,1,1,7.01149682212551,84.813616011421,0.444044203750937,0.000801910435055419,0,8.61438446740645,8.61438446740645
Base,None,1,ST-EA*,948,NaN,1,1,7.08295012393281,86.2608585888592,0.454952557844741,0,0,8.71169572786279,8.71169572786279
Base,None,1,ST-EA*,1041,NaN,0,0,NaN,NaN,NaN,NaN,NaN,NaN,NaN
Base,None,1,ST-EA*,1103,NaN,1,1,6.13704758784093,72.9672940789404,0.44152631500133,0.00129174375233382,0,7.6410784393581,7.6410784393581
Base,None,1,ST-EA*,1227,NaN,1,1,7.39430193936274,90.6757607813788,0.445744425623543,0,0,9.04142213045465,9.04142213045465
Base,None,1,ST-EA*,1475,NaN,1,1,5.92553046054186,70.4744448646391,0.463985095751033,0,0,7.44078769258259,7.44078769258259
Base,None,1,ST-EA*,2312,NaN,1,1,6.91453295079993,83.2592215008807,0.448785444702423,0.00476439197245223,0,8.55357460576997,8.55357460576997
Base,None,1,ST-EA*,2560,NaN,0,0,NaN,NaN,NaN,NaN,NaN,NaN,NaN
Base,None,1,Greedy,483,NaN,1,0,23.9668152302,126.9642022834,7.93932212139834,0.446043297320618,32.7913140412865,3324.49533159388,3324.49533159388
Base,None,1,Greedy,638,NaN,1,0,14.1200031631725,106.18125566271,3.96448525192097,0.00225087882376103,20.4493528062792,2067.89160688037,2067.89160688037
Base,None,1,Greedy,855,NaN,1,0,21.6351820816271,118.179761266437,6.78785810564997,0.0195057042008336,31.4527723337997,3181.66802005879,3181.66802005879
Base,None,1,Greedy,948,NaN,1,0,24.4604079415675,134.184256144743,9.05936586639536,0.022199046660636,19.4396008400659,1987.87941628209,1987.87941628209
Base,None,1,Greedy,1041,NaN,1,0,19.6841141999795,115.808055058269,6.08870637728634,0.105485293242968,39.7490046130998,4008.78190832245,4008.78190832245
Base,None,1,Greedy,1103,NaN,1,0,50.4486519824274,337.672632504886,10.3755752802698,1.71818470045589,129.340140702427,13025.2096583944,13025.2096583944
Base,None,1,Greedy,1227,NaN,1,0,25.1523511595048,133.337728081013,8.65290985223017,0.0945456636301691,25.1863032396396,2563.14509919824,2563.14509919824
Base,None,1,Greedy,1475,NaN,1,0,53.2875017067135,157.36276436244,16.4738525606885,0.0641104359216525,90.9657303720952,9184.76070476651,9184.76070476651
Base,None,1,Greedy,2312,NaN,1,0,46.3484685778601,152.372798904267,13.6390420451458,0.331743364520424,81.6463882818016,8242.85258781772,8242.85258781772
Base,None,1,Greedy,2560,NaN,1,0,23.827976495935,124.315226768741,7.94556717861246,0.158643087138468,20.8102698022928,2123.36848217689,2123.36848217689
Energy 0.5x,Energy,0.5,RA-ALA,483,547,1,1,8.15383604693111,100.076807823234,0.704259938927398,0.0538581536037746,0,6.85799283588504,10.9349108593506
Energy 0.5x,Energy,0.5,RA-ALA,483,600,1,1,10.2101142994544,114.746500703153,1.23538478999675,0.057097753708506,0,9.10302510599871,14.2080822557259
Energy 0.5x,Energy,0.5,RA-ALA,483,653,1,1,8.37556242093647,99.9873343046541,1.01146715337534,0.0350967733224698,0,7.39491103631573,11.582692246784
Energy 0.5x,Energy,0.5,RA-ALA,638,702,1,0,8.23397536500022,97.8205988004526,0.75701166246113,0.00904236212027807,1.40581453545686,147.118059830982,151.235047513482
Energy 0.5x,Energy,0.5,RA-ALA,638,755,1,0,7.02677102508788,91.7284720419171,0.474283540416426,0,0.00731132783877769,5.9574893109372,9.47087482348114
Energy 0.5x,Energy,0.5,RA-ALA,638,808,1,0,8.18729613111483,96.0898794880488,1.42969974096802,0.0117410121574056,0.00672470906483107,8.54367757128435,12.6373256368418
Energy 0.5x,Energy,0.5,RA-ALA,855,919,1,1,10.4688215699344,109.778947290673,2.00086905054339,0.0149783377903816,0,10.3007568247134,15.5351676096806
Energy 0.5x,Energy,0.5,RA-ALA,855,972,1,1,6.46161315814858,85.6703971184415,0.0462568768313119,0,0,4.03724030872393,7.26804688779822
Energy 0.5x,Energy,0.5,RA-ALA,855,1025,1,1,8.42830672182967,95.3962387352999,1.07621052646887,0.000632490601668396,0,7.16786797599677,11.3820213369116
Energy 0.5x,Energy,0.5,RA-ALA,948,1012,1,1,6.71512535054084,86.5737965397211,0.360644721777344,4.36686298008747e-05,0,4.80073710962079,8.15829978489121
Energy 0.5x,Energy,0.5,RA-ALA,948,1065,1,1,6.8562078496853,87.0212696096227,0.372091825736634,0.00342566853403561,0,4.93172150840313,8.35982543324578
Energy 0.5x,Energy,0.5,RA-ALA,948,1118,1,1,7.25548039279388,88.8059320718881,0.631208807328431,0.0019556928595471,0,5.64976417358168,9.27750436997862
Energy 0.5x,Energy,0.5,RA-ALA,1041,1105,1,1,8.59263336384759,96.3632050301627,1.1194258916925,8.65873129914025e-05,0,7.33906104702339,11.6353777289472
Energy 0.5x,Energy,0.5,RA-ALA,1041,1158,1,0,13.1048079297605,144.089631499926,2.00977813103307,0.0174057276582073,0.869523440304532,98.8991084631477,105.451512428028
Energy 0.5x,Energy,0.5,RA-ALA,1041,1211,1,0,9.69148667919162,114.011664307467,1.28114107797731,0,0.869714132321639,95.3295359302766,100.175279269872
Energy 0.5x,Energy,0.5,RA-ALA,1103,1167,1,1,5.784049788273,70.5129852525987,0.494738189502689,0.0131083945624939,0,4.60019342920514,7.49221832334164
Energy 0.5x,Energy,0.5,RA-ALA,1103,1220,1,1,5.56895781893055,70.7514205904272,0.467809109408127,0.00432118696897065,0,4.35290416955813,7.13738307902341
Energy 0.5x,Energy,0.5,RA-ALA,1103,1273,1,1,6.11752407208882,70.5552404653062,0.805287200974742,0.0125026821805292,0,5.38232359701007,8.44108563305448
Energy 0.5x,Energy,0.5,RA-ALA,1227,1291,1,1,9.53221838179634,98.4069079020996,1.9948089468182,0.000920787073964538,0,9.58499252112505,14.3511017120232
Energy 0.5x,Energy,0.5,RA-ALA,1227,1344,1,1,7.17532368028695,90.4416072325564,0.45656886390939,0,0,5.25447962823356,8.84214146837704
Energy 0.5x,Energy,0.5,RA-ALA,1227,1397,1,1,7.53791665506141,98.3504468082671,0.47328148838425,0.00297861981606538,0,5.56489455919542,9.33385288672612
Energy 0.5x,Energy,0.5,RA-ALA,1475,1539,1,1,6.07934254071172,70.4193239403963,0.900762349412162,0,0,5.42802366868349,8.46769493903934
Energy 0.5x,Energy,0.5,RA-ALA,1475,1592,1,1,5.54936213226354,67.453064073019,0.514368193296314,9.29445916241159e-05,0,4.3664557659158,7.14113683204756
Energy 0.5x,Energy,0.5,RA-ALA,1475,1645,1,1,5.48691657433538,68.548852607184,0.474819233009625,4.35582695166917e-05,0,4.26477277427531,7.008231061443
Energy 0.5x,Energy,0.5,RA-ALA,2312,2376,1,1,7.13428837184972,83.5127815640736,0.831286699072747,0,0,5.92565743043763,9.49280161636249
Energy 0.5x,Energy,0.5,RA-ALA,2312,2429,1,1,6.82926122596219,86.2738476448991,0.602978213674786,0.000703680393140862,0,5.34657257463624,8.76120318761733
Energy 0.5x,Energy,0.5,RA-ALA,2312,2482,1,1,8.17465829896202,95.5146012194315,0.97878673558453,0.0155481602478779,0,6.99633923329078,11.0836683827718
Energy 0.5x,Energy,0.5,RA-ALA,2560,2624,1,1,7.13924743449586,80.368124159768,1.13559087105626,0.00208278262074165,0,6.53136765356594,10.1009913708139
Energy 0.5x,Energy,0.5,RA-ALA,2560,2677,1,0,14.8446209670614,144.507342050458,3.39789061319217,0.0189461024153748,0.112216775100351,26.8334580945244,34.2557685780551
Energy 0.5x,Energy,0.5,RA-ALA,2560,2730,1,1,8.76081592781764,84.4974047748592,2.16155403716205,0.0124957019821948,0,9.53261809784536,13.9130260617542
Energy 0.5x,Energy,0.5,Energy-A*,483,NaN,1,1,7.3899305218494,90.3309860073339,0.445377793962028,0.574152118151938,0,11.0800002470959,14.7749655080206
Energy 0.5x,Energy,0.5,Energy-A*,638,NaN,1,0,7.51290258166744,91.9184021721214,0.440618933173671,0,1.58812792378808,164.216468220757,167.97291951159
Energy 0.5x,Energy,0.5,Energy-A*,855,NaN,1,1,7.00956783670042,84.7861235705395,0.444044203750937,0.00425923441662897,0,5.14201569977287,8.64679961812307
Energy 0.5x,Energy,0.5,Energy-A*,948,NaN,1,1,7.54937834441255,91.9236739676502,0.454952557844741,0,0,5.45062490429284,9.22531407649912
Energy 0.5x,Energy,0.5,Energy-A*,1041,NaN,1,0,7.08403294810438,86.037382694546,0.441646631261612,0.00885779480981272,3.28979428200548,334.210294074343,337.752310548395
Energy 0.5x,Energy,0.5,Energy-A*,1103,NaN,0,0,NaN,NaN,NaN,NaN,NaN,NaN,NaN
Energy 0.5x,Energy,0.5,Energy-A*,1227,NaN,1,1,7.66954577132874,94.0635830531745,0.445744425623543,0,0,5.51012492902124,9.34489781468561
Energy 0.5x,Energy,0.5,Energy-A*,1475,NaN,1,1,6.45020343104816,73.9322221880963,0.671278605592387,0,0,5.18376077827632,8.4088624938004
Energy 0.5x,Energy,0.5,Energy-A*,2312,NaN,1,1,7.19065472027393,86.8542273259752,0.448785444702423,0.243506936553431,0,7.65175284279258,11.2470802029295
Energy 0.5x,Energy,0.5,Energy-A*,2560,NaN,1,0,7.11915795353601,86.1017946382157,0.464147717544105,0.103816683971556,0.166743106978164,22.9178669047067,26.4774458814747
Energy 0.5x,Energy,0.5,Informed-RRT*,483,569,1,0,8.33380265532389,88.0516493669614,1.58331662681967,0.847195883309103,4.00104394480474,416.643651639591,420.810552967253
Energy 0.5x,Energy,0.5,Informed-RRT*,483,622,1,0,8.16411088458937,88.9588123403382,1.31159675184838,1.30966089974306,10.0432588455004,1024.86906592963,1028.95112137192
Energy 0.5x,Energy,0.5,Informed-RRT*,483,675,1,0,8.62425511022709,88.8761601646126,1.76541397493521,1.26962565028556,9.45473316243918,966.753162919796,971.06529047491
Energy 0.5x,Energy,0.5,Informed-RRT*,638,724,0,0,NaN,NaN,NaN,NaN,NaN,NaN,NaN
Energy 0.5x,Energy,0.5,Informed-RRT*,638,777,0,0,NaN,NaN,NaN,NaN,NaN,NaN,NaN
Energy 0.5x,Energy,0.5,Informed-RRT*,638,830,0,0,NaN,NaN,NaN,NaN,NaN,NaN,NaN
Energy 0.5x,Energy,0.5,Informed-RRT*,855,941,1,1,8.96193621575657,90.8177975482536,1.99319572870031,0.312231792719147,0,12.3464924720392,16.8274605799174
Energy 0.5x,Energy,0.5,Informed-RRT*,855,994,1,0,8.81376330759704,92.204879554606,1.77065867689201,0.404967130754288,0.868740274896799,99.6402718010936,104.047153454892
Energy 0.5x,Energy,0.5,Informed-RRT*,855,1047,1,0,7.77140470869576,84.274968554858,1.28168920714492,0.0116463684252252,0.250000000000002,32.267835857514,36.1535382118618
Energy 0.5x,Energy,0.5,Informed-RRT*,948,1034,1,0,9.1221413374736,95.7503227937804,1.7956386147934,0.0322233904782205,0.322999581064098,41.5724592661304,46.1335299348672
Energy 0.5x,Energy,0.5,Informed-RRT*,948,1087,1,1,9.10774866406403,92.196017133568,2.00314665386811,0.00397873991018449,0,9.36825518164981,13.9221295136818
Energy 0.5x,Energy,0.5,Informed-RRT*,948,1140,1,0,7.73522476868856,87.8613461724552,1.06296841349843,0.0111446591461261,0.444444444444445,51.2816181320173,55.1492305163616
Energy 0.5x,Energy,0.5,Informed-RRT*,1041,1127,0,0,NaN,NaN,NaN,NaN,NaN,NaN,NaN
Energy 0.5x,Energy,0.5,Informed-RRT*,1041,1180,0,0,NaN,NaN,NaN,NaN,NaN,NaN,NaN
Energy 0.5x,Energy,0.5,Informed-RRT*,1041,1233,0,0,NaN,NaN,NaN,NaN,NaN,NaN,NaN
Energy 0.5x,Energy,0.5,Informed-RRT*,1103,1189,1,1,7.3806904562533,73.0011434702517,1.70963516712409,0.00811657843477341,0,7.79912420897467,11.4894694371013
Energy 0.5x,Energy,0.5,Informed-RRT*,1103,1242,1,0,7.29187649558715,75.193701974023,1.51052877514889,0.466726288075901,4.10811704755824,422.772577617792,426.418515865585
Energy 0.5x,Energy,0.5,Informed-RRT*,1103,1295,1,0,7.81850771797329,74.015911345428,2.01576828215173,0.0269911591124456,0.3875,47.5775012756264,51.4867551346131
Energy 0.5x,Energy,0.5,Informed-RRT*,1227,1313,1,1,9.06007221258049,99.1690009967276,1.58223970952049,0.00629964778845476,0,8.58392034485517,13.1139564511454
Energy 0.5x,Energy,0.5,Informed-RRT*,1227,1366,1,1,9.27794548330734,94.7658175433163,1.94015019167669,0,0,9.30898827120134,13.947961012855
Energy 0.5x,Energy,0.5,Informed-RRT*,1227,1419,1,0,8.98332974707555,96.0792944077886,1.70408130318776,0.0216969161787786,0.512499999999999,60.1674574284325,64.6591223019703
Energy 0.5x,Energy,0.5,Informed-RRT*,1475,1561,1,1,8.58633663030838,76.604638747367,2.4619728220526,5.10100205289911e-05,0,9.85599604902606,14.1491643641803
Energy 0.5x,Energy,0.5,Informed-RRT*,1475,1614,1,1,10.1743607415633,80.987381897487,3.29557697213772,0.0015167429560572,0,12.3683965937634,17.455576964545
Energy 0.5x,Energy,0.5,Informed-RRT*,1475,1667,1,1,7.682511072812,72.0306593393407,1.95287309669059,0,0,8.34725722428168,12.1885127606877
Energy 0.5x,Energy,0.5,Informed-RRT*,2312,2398,1,1,7.97613185911534,84.0683756715136,1.49986329510263,0.029191104535821,0,7.98027336238375,11.9683392919414
Energy 0.5x,Energy,0.5,Informed-RRT*,2312,2451,1,0,6.86048906480197,80.7435180222296,0.796775603351078,0.103462532243691,1.55171830367044,161.903114078769,165.33335861117
Energy 0.5x,Energy,0.5,Informed-RRT*,2312,2504,1,0,7.86011723591314,84.4473616114031,1.4476470457669,0.0206726012753423,0.205128205128205,28.2486272484927,32.1786858664492
Energy 0.5x,Energy,0.5,Informed-RRT*,2560,2646,0,0,NaN,NaN,NaN,NaN,NaN,NaN,NaN
Energy 0.5x,Energy,0.5,Informed-RRT*,2560,2699,0,0,NaN,NaN,NaN,NaN,NaN,NaN,NaN
Energy 0.5x,Energy,0.5,Informed-RRT*,2560,2752,0,0,NaN,NaN,NaN,NaN,NaN,NaN,NaN
Energy 0.5x,Energy,0.5,ST-EA*,483,NaN,0,0,NaN,NaN,NaN,NaN,NaN,NaN,NaN
Energy 0.5x,Energy,0.5,ST-EA*,638,NaN,0,0,NaN,NaN,NaN,NaN,NaN,NaN,NaN
Energy 0.5x,Energy,0.5,ST-EA*,855,NaN,1,1,7.01149682212551,84.813616011421,0.444044203750937,0.000801910435055419,0,5.10863605634369,8.61438446740645
Energy 0.5x,Energy,0.5,ST-EA*,948,NaN,1,1,7.08295012393281,86.2608585888592,0.454952557844741,0,0,5.17022066589638,8.71169572786279
Energy 0.5x,Energy,0.5,ST-EA*,1041,NaN,0,0,NaN,NaN,NaN,NaN,NaN,NaN,NaN
Energy 0.5x,Energy,0.5,ST-EA*,1103,NaN,1,1,6.13704758784093,72.9672940789404,0.44152631500133,0.00129174375233382,0,4.57255464543764,7.6410784393581
Energy 0.5x,Energy,0.5,ST-EA*,1227,NaN,1,1,7.39430193936274,90.6757607813788,0.445744425623543,0,0,5.34427116077328,9.04142213045465
Energy 0.5x,Energy,0.5,ST-EA*,1475,NaN,1,1,5.92553046054186,70.4744448646391,0.463985095751033,0,0,4.47802246231166,7.44078769258259
Energy 0.5x,Energy,0.5,ST-EA*,2312,NaN,1,1,6.91453295079993,83.2592215008807,0.448785444702423,0.00476439197245223,0,5.09630813037001,8.55357460576997
Energy 0.5x,Energy,0.5,ST-EA*,2560,NaN,0,0,NaN,NaN,NaN,NaN,NaN,NaN,NaN
Energy 0.5x,Energy,0.5,Greedy,483,NaN,1,0,23.9668152302,126.9642022834,7.93932212139834,0.446043297320618,32.7913140412865,3312.51192397878,3324.49533159388
Energy 0.5x,Energy,0.5,Greedy,638,NaN,1,0,14.1200031631725,106.18125566271,3.96448525192097,0.00225087882376103,20.4493528062792,2060.83160529878,2067.89160688037
Energy 0.5x,Energy,0.5,Greedy,855,NaN,1,0,21.6351820816271,118.179761266437,6.78785810564997,0.0195057042008336,31.4527723337997,3170.85042901798,3181.66802005879
Energy 0.5x,Energy,0.5,Greedy,948,NaN,1,0,24.4604079415675,134.184256144743,9.05936586639536,0.022199046660636,19.4396008400659,1975.64921231131,1987.87941628209
Energy 0.5x,Energy,0.5,Greedy,1041,NaN,1,0,19.6841141999795,115.808055058269,6.08870637728634,0.105485293242968,39.7490046130998,3998.93985122246,4008.78190832245
Energy 0.5x,Energy,0.5,Greedy,1103,NaN,1,0,50.4486519824274,337.672632504886,10.3755752802698,1.71818470045589,129.340140702427,12999.9853324032,13025.2096583944
Energy 0.5x,Energy,0.5,Greedy,1227,NaN,1,0,25.1523511595048,133.337728081013,8.65290985223017,0.0945456636301691,25.1863032396396,2550.56892361849,2563.14509919824
Energy 0.5x,Energy,0.5,Greedy,1475,NaN,1,0,53.2875017067135,157.36276436244,16.4738525606885,0.0641104359216525,90.9657303720952,9158.11695391316,9184.76070476651
Energy 0.5x,Energy,0.5,Greedy,2312,NaN,1,0,46.3484685778601,152.372798904267,13.6390420451458,0.331743364520424,81.6463882818016,8219.67835352879,8242.85258781772
Energy 0.5x,Energy,0.5,Greedy,2560,NaN,1,0,23.827976495935,124.315226768741,7.94556717861246,0.158643087138468,20.8102698022928,2111.45449392893,2123.36848217689
Energy 1.5x,Energy,1.5,RA-ALA,483,547,1,1,8.15383604693111,100.076807823234,0.704259938927398,0.0538581536037746,0,15.0118288828162,10.9349108593506
Energy 1.5x,Energy,1.5,RA-ALA,483,600,1,1,10.2101142994544,114.746500703153,1.23538478999675,0.057097753708506,0,19.3131394054531,14.2080822557259
Energy 1.5x,Energy,1.5,RA-ALA,483,653,1,1,8.37556242093647,99.9873343046541,1.01146715337534,0.0350967733224698,0,15.7704734572522,11.582692246784
Energy 1.5x,Energy,1.5,RA-ALA,638,702,1,0,8.23397536500022,97.8205988004526,0.75701166246113,0.00904236212027807,1.40581453545686,155.352035195982,151.235047513482
Energy 1.5x,Energy,1.5,RA-ALA,638,755,1,0,7.02677102508788,91.7284720419171,0.474283540416426,0,0.00731132783877769,12.9842603360251,9.47087482348114
Energy 1.5x,Energy,1.5,RA-ALA,638,808,1,0,8.18729613111483,96.0898794880488,1.42969974096802,0.0117410121574056,0.00672470906483107,16.7309737023992,12.6373256368418
Energy 1.5x,Energy,1.5,RA-ALA,855,919,1,1,10.4688215699344,109.778947290673,2.00086905054339,0.0149783377903816,0,20.7695783946478,15.5351676096806
Energy 1.5x,Energy,1.5,RA-ALA,855,972,1,1,6.46161315814858,85.6703971184415,0.0462568768313119,0,0,10.4988534668725,7.26804688779822
Energy 1.5x,Energy,1.5,RA-ALA,855,1025,1,1,8.42830672182967,95.3962387352999,1.07621052646887,0.000632490601668396,0,15.5961746978264,11.3820213369116
Energy 1.5x,Energy,1.5,RA-ALA,948,1012,1,1,6.71512535054084,86.5737965397211,0.360644721777344,4.36686298008747e-05,0,11.5158624601616,8.15829978489121
Energy 1.5x,Energy,1.5,RA-ALA,948,1065,1,1,6.8562078496853,87.0212696096227,0.372091825736634,0.00342566853403561,0,11.7879293580884,8.35982543324578
Energy 1.5x,Energy,1.5,RA-ALA,948,1118,1,1,7.25548039279388,88.8059320718881,0.631208807328431,0.0019556928595471,0,12.9052445663756,9.27750436997862
Energy 1.5x,Energy,1.5,RA-ALA,1041,1105,1,1,8.59263336384759,96.3632050301627,1.1194258916925,8.65873129914025e-05,0,15.931694410871,11.6353777289472
Energy 1.5x,Energy,1.5,RA-ALA,1041,1158,1,0,13.1048079297605,144.089631499926,2.00977813103307,0.0174057276582073,0.869523440304532,112.003916392908,105.451512428028
Energy 1.5x,Energy,1.5,RA-ALA,1041,1211,1,0,9.69148667919162,114.011664307467,1.28114107797731,0,0.869714132321639,105.021022609468,100.175279269872
Energy 1.5x,Energy,1.5,RA-ALA,1103,1167,1,1,5.784049788273,70.5129852525987,0.494738189502689,0.0131083945624939,0,10.3842432174781,7.49221832334164
Energy 1.5x,Energy,1.5,RA-ALA,1103,1220,1,1,5.56895781893055,70.7514205904272,0.467809109408127,0.00432118696897065,0,9.92186198848868,7.13738307902341
Energy 1.5x,Energy,1.5,RA-ALA,1103,1273,1,1,6.11752407208882,70.5552404653062,0.805287200974742,0.0125026821805292,0,11.4998476690989,8.44108563305448
Energy 1.5x,Energy,1.5,RA-ALA,1227,1291,1,1,9.53221838179634,98.4069079020996,1.9948089468182,0.000920787073964538,0,19.1172109029214,14.3511017120232
Energy 1.5x,Energy,1.5,RA-ALA,1227,1344,1,1,7.17532368028695,90.4416072325564,0.45656886390939,0,0,12.4298033085205,8.84214146837704
Energy 1.5x,Energy,1.5,RA-ALA,1227,1397,1,1,7.53791665506141,98.3504468082671,0.47328148838425,0.00297861981606538,0,13.1028112142568,9.33385288672612
Energy 1.5x,Energy,1.5,RA-ALA,1475,1539,1,1,6.07934254071172,70.4193239403963,0.900762349412162,0,0,11.5073662093952,8.46769493903934
Energy 1.5x,Energy,1.5,RA-ALA,1475,1592,1,1,5.54936213226354,67.453064073019,0.514368193296314,9.29445916241159e-05,0,9.91581789817933,7.14113683204756
Energy 1.5x,Energy,1.5,RA-ALA,1475,1645,1,1,5.48691657433538,68.548852607184,0.474819233009625,4.35582695166917e-05,0,9.75168934861069,7.008231061443
Energy 1.5x,Energy,1.5,RA-ALA,2312,2376,1,1,7.13428837184972,83.5127815640736,0.831286699072747,0,0,13.0599458022873,9.49280161636249
Energy 1.5x,Energy,1.5,RA-ALA,2312,2429,1,1,6.82926122596219,86.2738476448991,0.602978213674786,0.000703680393140862,0,12.1758338005984,8.76120318761733
Energy 1.5x,Energy,1.5,RA-ALA,2312,2482,1,1,8.17465829896202,95.5146012194315,0.97878673558453,0.0155481602478779,0,15.1709975322528,11.0836683827718
Energy 1.5x,Energy,1.5,RA-ALA,2560,2624,1,1,7.13924743449586,80.368124159768,1.13559087105626,0.00208278262074165,0,13.6706150880618,10.1009913708139
Energy 1.5x,Energy,1.5,RA-ALA,2560,2677,1,0,14.8446209670614,144.507342050458,3.39789061319217,0.0189461024153748,0.112216775100351,41.6780790615858,34.2557685780551
Energy 1.5x,Energy,1.5,RA-ALA,2560,2730,1,1,8.76081592781764,84.4974047748592,2.16155403716205,0.0124957019821948,0,18.293434025663,13.9130260617542
Energy 1.5x,Energy,1.5,Energy-A*,483,NaN,1,1,7.3899305218494,90.3309860073339,0.445377793962028,0.574152118151938,0,18.4699307689453,14.7749655080206
Energy 1.5x,Energy,1.5,Energy-A*,638,NaN,1,0,7.51290258166744,91.9184021721214,0.440618933173671,0,1.58812792378808,171.729370802424,167.97291951159
Energy 1.5x,Energy,1.5,Energy-A*,855,NaN,1,1,7.00956783670042,84.7861235705395,0.444044203750937,0.00425923441662897,0,12.1515835364733,8.64679961812307
Energy 1.5x,Energy,1.5,Energy-A*,948,NaN,1,1,7.54937834441255,91.9236739676502,0.454952557844741,0,0,13.0000032487054,9.22531407649912
Energy 1.5x,Energy,1.5,Energy-A*,1041,NaN,1,0,7.08403294810438,86.037382694546,0.441646631261612,0.00885779480981272,3.28979428200548,341.294327022448,337.752310548395
Energy 1.5x,Energy,1.5,Energy-A*,1103,NaN,0,0,NaN,NaN,NaN,NaN,NaN,NaN,NaN
Energy 1.5x,Energy,1.5,Energy-A*,1227,NaN,1,1,7.66954577132874,94.0635830531745,0.445744425623543,0,0,13.17967070035,9.34489781468561
Energy 1.5x,Energy,1.5,Energy-A*,1475,NaN,1,1,6.45020343104816,73.9322221880963,0.671278605592387,0,0,11.6339642093245,8.4088624938004
Energy 1.5x,Energy,1.5,Energy-A*,2312,NaN,1,1,7.19065472027393,86.8542273259752,0.448785444702423,0.243506936553431,0,14.8424075630665,11.2470802029295
Energy 1.5x,Energy,1.5,Energy-A*,2560,NaN,1,0,7.11915795353601,86.1017946382157,0.464147717544105,0.103816683971556,0.166743106978164,30.0370248582427,26.4774458814747
Energy 1.5x,Energy,1.5,Informed-RRT*,483,569,1,0,8.33380265532389,88.0516493669614,1.58331662681967,0.847195883309103,4.00104394480474,424.977454294915,420.810552967253
Energy 1.5x,Energy,1.5,Informed-RRT*,483,622,1,0,8.16411088458937,88.9588123403382,1.31159675184838,1.30966089974306,10.0432588455004,1033.03317681422,1028.95112137192
Energy 1.5x,Energy,1.5,Informed-RRT*,483,675,1,0,8.62425511022709,88.8761601646126,1.76541397493521,1.26962565028556,9.45473316243918,975.377418030023,971.06529047491
Energy 1.5x,Energy,1.5,Informed-RRT*,638,724,0,0,NaN,NaN,NaN,NaN,NaN,NaN,NaN
Energy 1.5x,Energy,1.5,Informed-RRT*,638,777,0,0,NaN,NaN,NaN,NaN,NaN,NaN,NaN
Energy 1.5x,Energy,1.5,Informed-RRT*,638,830,0,0,NaN,NaN,NaN,NaN,NaN,NaN,NaN
Energy 1.5x,Energy,1.5,Informed-RRT*,855,941,1,1,8.96193621575657,90.8177975482536,1.99319572870031,0.312231792719147,0,21.3084286877957,16.8274605799174
Energy 1.5x,Energy,1.5,Informed-RRT*,855,994,1,0,8.81376330759704,92.204879554606,1.77065867689201,0.404967130754288,0.868740274896799,108.454035108691,104.047153454892
Energy 1.5x,Energy,1.5,Informed-RRT*,855,1047,1,0,7.77140470869576,84.274968554858,1.28168920714492,0.0116463684252252,0.250000000000002,40.0392405662097,36.1535382118618
Energy 1.5x,Energy,1.5,Informed-RRT*,948,1034,1,0,9.1221413374736,95.7503227937804,1.7956386147934,0.0322233904782205,0.322999581064098,50.694600603604,46.1335299348672
Energy 1.5x,Energy,1.5,Informed-RRT*,948,1087,1,1,9.10774866406403,92.196017133568,2.00314665386811,0.00397873991018449,0,18.4760038457138,13.9221295136818
Energy 1.5x,Energy,1.5,Informed-RRT*,948,1140,1,0,7.73522476868856,87.8613461724552,1.06296841349843,0.0111446591461261,0.444444444444445,59.0168429007059,55.1492305163616
Energy 1.5x,Energy,1.5,Informed-RRT*,1041,1127,0,0,NaN,NaN,NaN,NaN,NaN,NaN,NaN
Energy 1.5x,Energy,1.5,Informed-RRT*,1041,1180,0,0,NaN,NaN,NaN,NaN,NaN,NaN,NaN
Energy 1.5x,Energy,1.5,Informed-RRT*,1041,1233,0,0,NaN,NaN,NaN,NaN,NaN,NaN,NaN
Energy 1.5x,Energy,1.5,Informed-RRT*,1103,1189,1,1,7.3806904562533,73.0011434702517,1.70963516712409,0.00811657843477341,0,15.179814665228,11.4894694371013
Energy 1.5x,Energy,1.5,Informed-RRT*,1103,1242,1,0,7.29187649558715,75.193701974023,1.51052877514889,0.466726288075901,4.10811704755824,430.064454113379,426.418515865585
Energy 1.5x,Energy,1.5,Informed-RRT*,1103,1295,1,0,7.81850771797329,74.015911345428,2.01576828215173,0.0269911591124456,0.3875,55.3960089935997,51.4867551346131
Energy 1.5x,Energy,1.5,Informed-RRT*,1227,1313,1,1,9.06007221258049,99.1690009967276,1.58223970952049,0.00629964778845476,0,17.6439925574357,13.1139564511454
Energy 1.5x,Energy,1.5,Informed-RRT*,1227,1366,1,1,9.27794548330734,94.7658175433163,1.94015019167669,0,0,18.5869337545087,13.947961012855
Energy 1.5x,Energy,1.5,Informed-RRT*,1227,1419,1,0,8.98332974707555,96.0792944077886,1.70408130318776,0.0216969161787786,0.512499999999999,69.1507871755081,64.6591223019703
Energy 1.5x,Energy,1.5,Informed-RRT*,1475,1561,1,1,8.58633663030838,76.604638747367,2.4619728220526,5.10100205289911e-05,0,18.4423326793344,14.1491643641803
Energy 1.5x,Energy,1.5,Informed-RRT*,1475,1614,1,1,10.1743607415633,80.987381897487,3.29557697213772,0.0015167429560572,0,22.5427573353267,17.455576964545
Energy 1.5x,Energy,1.5,Informed-RRT*,1475,1667,1,1,7.682511072812,72.0306593393407,1.95287309669059,0,0,16.0297682970937,12.1885127606877
Energy 1.5x,Energy,1.5,Informed-RRT*,2312,2398,1,1,7.97613185911534,84.0683756715136,1.49986329510263,0.029191104535821,0,15.9564052214991,11.9683392919414
Energy 1.5x,Energy,1.5,Informed-RRT*,2312,2451,1,0,6.86048906480197,80.7435180222296,0.796775603351078,0.103462532243691,1.55171830367044,168.763603143571,165.33335861117
Energy 1.5x,Energy,1.5,Informed-RRT*,2312,2504,1,0,7.86011723591314,84.4473616114031,1.4476470457669,0.0206726012753423,0.205128205128205,36.1087444844058,32.1786858664492
Energy 1.5x,Energy,1.5,Informed-RRT*,2560,2646,0,0,NaN,NaN,NaN,NaN,NaN,NaN,NaN
Energy 1.5x,Energy,1.5,Informed-RRT*,2560,2699,0,0,NaN,NaN,NaN,NaN,NaN,NaN,NaN
Energy 1.5x,Energy,1.5,Informed-RRT*,2560,2752,0,0,NaN,NaN,NaN,NaN,NaN,NaN,NaN
Energy 1.5x,Energy,1.5,ST-EA*,483,NaN,0,0,NaN,NaN,NaN,NaN,NaN,NaN,NaN
Energy 1.5x,Energy,1.5,ST-EA*,638,NaN,0,0,NaN,NaN,NaN,NaN,NaN,NaN,NaN
Energy 1.5x,Energy,1.5,ST-EA*,855,NaN,1,1,7.01149682212551,84.813616011421,0.444044203750937,0.000801910435055419,0,12.1201328784692,8.61438446740645
Energy 1.5x,Energy,1.5,ST-EA*,948,NaN,1,1,7.08295012393281,86.2608585888592,0.454952557844741,0,0,12.2531707898292,8.71169572786279
Energy 1.5x,Energy,1.5,ST-EA*,1041,NaN,0,0,NaN,NaN,NaN,NaN,NaN,NaN,NaN
Energy 1.5x,Energy,1.5,ST-EA*,1103,NaN,1,1,6.13704758784093,72.9672940789404,0.44152631500133,0.00129174375233382,0,10.7096022332786,7.6410784393581
Energy 1.5x,Energy,1.5,ST-EA*,1227,NaN,1,1,7.39430193936274,90.6757607813788,0.445744425623543,0,0,12.738573100136,9.04142213045465
Energy 1.5x,Energy,1.5,ST-EA*,1475,NaN,1,1,5.92553046054186,70.4744448646391,0.463985095751033,0,0,10.4035529228535,7.44078769258259
Energy 1.5x,Energy,1.5,ST-EA*,2312,NaN,1,1,6.91453295079993,83.2592215008807,0.448785444702423,0.00476439197245223,0,12.0108410811699,8.55357460576997
Energy 1.5x,Energy,1.5,ST-EA*,2560,NaN,0,0,NaN,NaN,NaN,NaN,NaN,NaN,NaN
Energy 1.5x,Energy,1.5,Greedy,483,NaN,1,0,23.9668152302,126.9642022834,7.93932212139834,0.446043297320618,32.7913140412865,3336.47873920898,3324.49533159388
Energy 1.5x,Energy,1.5,Greedy,638,NaN,1,0,14.1200031631725,106.18125566271,3.96448525192097,0.00225087882376103,20.4493528062792,2074.95160846195,2067.89160688037
Energy 1.5x,Energy,1.5,Greedy,855,NaN,1,0,21.6351820816271,118.179761266437,6.78785810564997,0.0195057042008336,31.4527723337997,3192.48561109961,3181.66802005879
Energy 1.5x,Energy,1.5,Greedy,948,NaN,1,0,24.4604079415675,134.184256144743,9.05936586639536,0.022199046660636,19.4396008400659,2000.10962025288,1987.87941628209
Energy 1.5x,Energy,1.5,Greedy,1041,NaN,1,0,19.6841141999795,115.808055058269,6.08870637728634,0.105485293242968,39.7490046130998,4018.62396542244,4008.78190832245
Energy 1.5x,Energy,1.5,Greedy,1103,NaN,1,0,50.4486519824274,337.672632504886,10.3755752802698,1.71818470045589,129.340140702427,13050.4339843857,13025.2096583944
Energy 1.5x,Energy,1.5,Greedy,1227,NaN,1,0,25.1523511595048,133.337728081013,8.65290985223017,0.0945456636301691,25.1863032396396,2575.72127477799,2563.14509919824
Energy 1.5x,Energy,1.5,Greedy,1475,NaN,1,0,53.2875017067135,157.36276436244,16.4738525606885,0.0641104359216525,90.9657303720952,9211.40445561987,9184.76070476651
Energy 1.5x,Energy,1.5,Greedy,2312,NaN,1,0,46.3484685778601,152.372798904267,13.6390420451458,0.331743364520424,81.6463882818016,8266.02682210665,8242.85258781772
Energy 1.5x,Energy,1.5,Greedy,2560,NaN,1,0,23.827976495935,124.315226768741,7.94556717861246,0.158643087138468,20.8102698022928,2135.28247042486,2123.36848217689
Time 0.5x,Time,0.5,RA-ALA,483,547,1,1,8.15383604693111,100.076807823234,0.704259938927398,0.0538581536037746,0,10.5179241600871,10.9349108593506
Time 0.5x,Time,0.5,RA-ALA,483,600,1,1,10.2101142994544,114.746500703153,1.23538478999675,0.057097753708506,0,13.7299718361294,14.2080822557259
Time 0.5x,Time,0.5,RA-ALA,483,653,1,1,8.37556242093647,99.9873343046541,1.01146715337534,0.0350967733224698,0,11.1660783538479,11.582692246784
Time 0.5x,Time,0.5,RA-ALA,638,702,1,0,8.23397536500022,97.8205988004526,0.75701166246113,0.00904236212027807,1.40581453545686,150.827461685147,151.235047513482
Time 0.5x,Time,0.5,RA-ALA,638,755,1,0,7.02677102508788,91.7284720419171,0.474283540416426,0,0.00731132783877769,9.08867285663982,9.47087482348114
Time 0.5x,Time,0.5,RA-ALA,638,808,1,0,8.18729613111483,96.0898794880488,1.42969974096802,0.0117410121574056,0.00672470906483107,12.2369511389749,12.6373256368418
Time 0.5x,Time,0.5,RA-ALA,855,919,1,1,10.4688215699344,109.778947290673,2.00086905054339,0.0149783377903816,0,15.0777553293028,15.5351676096806
Time 0.5x,Time,0.5,RA-ALA,855,972,1,1,6.46161315814858,85.6703971184415,0.0462568768313119,0,0,6.91108689980471,7.26804688779822
Time 0.5x,Time,0.5,RA-ALA,855,1025,1,1,8.42830672182967,95.3962387352999,1.07621052646887,0.000632490601668396,0,10.9845370088479,11.3820213369116
Time 0.5x,Time,0.5,RA-ALA,948,1012,1,1,6.71512535054084,86.5737965397211,0.360644721777344,4.36686298008747e-05,0,7.79757563264238,8.15829978489121
Time 0.5x,Time,0.5,RA-ALA,948,1065,1,1,6.8562078496853,87.0212696096227,0.372091825736634,0.00342566853403561,0,7.99723680987235,8.35982543324578
Time 0.5x,Time,0.5,RA-ALA,948,1118,1,1,7.25548039279388,88.8059320718881,0.631208807328431,0.0019556928595471,0,8.90747965301242,9.27750436997862
Time 0.5x,Time,0.5,RA-ALA,1041,1105,1,1,8.59263336384759,96.3632050301627,1.1194258916925,8.65873129914025e-05,0,11.2338643746548,11.6353777289472
Time 0.5x,Time,0.5,RA-ALA,1041,1158,1,0,13.1048079297605,144.089631499926,2.00977813103307,0.0174057276582073,0.869523440304532,104.851138963445,105.451512428028
Time 0.5x,Time,0.5,RA-ALA,1041,1211,1,0,9.69148667919162,114.011664307467,1.28114107797731,0,0.869714132321639,99.7002306685913,100.175279269872
Time 0.5x,Time,0.5,RA-ALA,1103,1167,1,1,5.784049788273,70.5129852525987,0.494738189502689,0.0131083945624939,0,7.19841421812248,7.49221832334164
Time 0.5x,Time,0.5,RA-ALA,1103,1220,1,1,5.56895781893055,70.7514205904272,0.467809109408127,0.00432118696897065,0,6.84258549322996,7.13738307902341
Time 0.5x,Time,0.5,RA-ALA,1103,1273,1,1,6.11752407208882,70.5552404653062,0.805287200974742,0.0125026821805292,0,8.14710546444904,8.44108563305448
Time 0.5x,Time,0.5,RA-ALA,1227,1291,1,1,9.53221838179634,98.4069079020996,1.9948089468182,0.000920787073964538,0,13.9410729290978,14.3511017120232
Time 0.5x,Time,0.5,RA-ALA,1227,1344,1,1,7.17532368028695,90.4416072325564,0.45656886390939,0,0,8.46530143824138,8.84214146837704
Time 0.5x,Time,0.5,RA-ALA,1227,1397,1,1,7.53791665506141,98.3504468082671,0.47328148838425,0.00297861981606538,0,8.92405935835835,9.33385288672612
Time 0.5x,Time,0.5,RA-ALA,1475,1539,1,1,6.07934254071172,70.4193239403963,0.900762349412162,0,0,8.17428108928769,8.46769493903934
Time 0.5x,Time,0.5,RA-ALA,1475,1592,1,1,5.54936213226354,67.453064073019,0.514368193296314,9.29445916241159e-05,0,6.86008239840999,7.14113683204756
Time 0.5x,Time,0.5,RA-ALA,1475,1645,1,1,5.48691657433538,68.548852607184,0.474819233009625,4.35582695166917e-05,0,6.7226108422464,7.008231061443
Time 0.5x,Time,0.5,RA-ALA,2312,2376,1,1,7.13428837184972,83.5127815640736,0.831286699072747,0,0,9.14483169317885,9.49280161636249
Time 0.5x,Time,0.5,RA-ALA,2312,2429,1,1,6.82926122596219,86.2738476448991,0.602978213674786,0.000703680393140862,0,8.40172882243025,8.76120318761733
Time 0.5x,Time,0.5,RA-ALA,2312,2482,1,1,8.17465829896202,95.5146012194315,0.97878673558453,0.0155481602478779,0,10.6856908776908,11.0836683827718
Time 0.5x,Time,0.5,RA-ALA,2560,2624,1,1,7.13924743449586,80.368124159768,1.13559087105626,0.00208278262074165,0,9.76612418681483,10.1009913708139
Time 0.5x,Time,0.5,RA-ALA,2560,2677,1,0,14.8446209670614,144.507342050458,3.39789061319217,0.0189461024153748,0.112216775100351,33.6536546528448,34.2557685780551
Time 0.5x,Time,0.5,RA-ALA,2560,2730,1,1,8.76081592781764,84.4974047748592,2.16155403716205,0.0124957019821948,0,13.5609535418589,13.9130260617542
Time 0.5x,Time,0.5,Energy-A*,483,NaN,1,1,7.3899305218494,90.3309860073339,0.445377793962028,0.574152118151938,0,14.3985863996567,14.7749655080206
Time 0.5x,Time,0.5,Energy-A*,638,NaN,1,0,7.51290258166744,91.9184021721214,0.440618933173671,0,1.58812792378808,167.589926169207,167.97291951159
Time 0.5x,Time,0.5,Energy-A*,855,NaN,1,1,7.00956783670042,84.7861235705395,0.444044203750937,0.00425923441662897,0,8.29352410324583,8.64679961812307
Time 0.5x,Time,0.5,Energy-A*,948,NaN,1,1,7.54937834441255,91.9236739676502,0.454952557844741,0,0,8.84229876830058,9.22531407649912
Time 0.5x,Time,0.5,Energy-A*,1041,NaN,1,0,7.08403294810438,86.037382694546,0.441646631261612,0.00885779480981272,3.28979428200548,337.393821453835,337.752310548395
Time 0.5x,Time,0.5,Energy-A*,1103,NaN,0,0,NaN,NaN,NaN,NaN,NaN,NaN,NaN
Time 0.5x,Time,0.5,Energy-A*,1227,NaN,1,1,7.66954577132874,94.0635830531745,0.445744425623543,0,0,8.95296621863072,9.34489781468561
Time 0.5x,Time,0.5,Energy-A*,1475,NaN,1,1,6.45020343104816,73.9322221880963,0.671278605592387,0,0,8.10081156801666,8.4088624938004
Time 0.5x,Time,0.5,Energy-A*,2312,NaN,1,1,7.19065472027393,86.8542273259752,0.448785444702423,0.243506936553431,0,10.8851875890713,11.2470802029295
Time 0.5x,Time,0.5,Energy-A*,2560,NaN,1,0,7.11915795353601,86.1017946382157,0.464147717544105,0.103816683971556,0.166743106978164,26.1186884038154,26.4774458814747
Time 0.5x,Time,0.5,Informed-RRT*,483,569,1,0,8.33380265532389,88.0516493669614,1.58331662681967,0.847195883309103,4.00104394480474,420.443671094891,420.810552967253
Time 0.5x,Time,0.5,Informed-RRT*,483,622,1,0,8.16411088458937,88.9588123403382,1.31159675184838,1.30966089974306,10.0432588455004,1028.58045965384,1028.95112137192
Time 0.5x,Time,0.5,Informed-RRT*,483,675,1,0,8.62425511022709,88.8761601646126,1.76541397493521,1.26962565028556,9.45473316243918,970.694973140891,971.06529047491
Time 0.5x,Time,0.5,Informed-RRT*,638,724,0,0,NaN,NaN,NaN,NaN,NaN,NaN,NaN
Time 0.5x,Time,0.5,Informed-RRT*,638,777,0,0,NaN,NaN,NaN,NaN,NaN,NaN,NaN
Time 0.5x,Time,0.5,Informed-RRT*,638,830,0,0,NaN,NaN,NaN,NaN,NaN,NaN,NaN
Time 0.5x,Time,0.5,Informed-RRT*,855,941,1,1,8.96193621575657,90.8177975482536,1.99319572870031,0.312231792719147,0,16.4490530901331,16.8274605799174
Time 0.5x,Time,0.5,Informed-RRT*,855,994,1,0,8.81376330759704,92.204879554606,1.77065867689201,0.404967130754288,0.868740274896799,103.662966456748,104.047153454892
Time 0.5x,Time,0.5,Informed-RRT*,855,1047,1,0,7.77140470869576,84.274968554858,1.28168920714492,0.0116463684252252,0.250000000000002,35.8023925095499,36.1535382118618
Time 0.5x,Time,0.5,Informed-RRT*,948,1034,1,0,9.1221413374736,95.7503227937804,1.7956386147934,0.0322233904782205,0.322999581064098,45.7345702565598,46.1335299348672
Time 0.5x,Time,0.5,Informed-RRT*,948,1087,1,1,9.10774866406403,92.196017133568,2.00314665386811,0.00397873991018449,0,13.537979442292,13.9221295136818
Time 0.5x,Time,0.5,Informed-RRT*,948,1140,1,0,7.73522476868856,87.8613461724552,1.06296841349843,0.0111446591461261,0.444444444444445,54.7831415739764,55.1492305163616
Time 0.5x,Time,0.5,Informed-RRT*,1041,1127,0,0,NaN,NaN,NaN,NaN,NaN,NaN,NaN
Time 0.5x,Time,0.5,Informed-RRT*,1041,1180,0,0,NaN,NaN,NaN,NaN,NaN,NaN,NaN
Time 0.5x,Time,0.5,Informed-RRT*,1041,1233,0,0,NaN,NaN,NaN,NaN,NaN,NaN,NaN
Time 0.5x,Time,0.5,Informed-RRT*,1103,1189,1,1,7.3806904562533,73.0011434702517,1.70963516712409,0.00811657843477341,0,11.1852980059753,11.4894694371013
Time 0.5x,Time,0.5,Informed-RRT*,1103,1242,1,0,7.29187649558715,75.193701974023,1.51052877514889,0.466726288075901,4.10811704755824,426.105208774027,426.418515865585
Time 0.5x,Time,0.5,Informed-RRT*,1103,1295,1,0,7.81850771797329,74.015911345428,2.01576828215173,0.0269911591124456,0.3875,51.1783555040071,51.4867551346131
Time 0.5x,Time,0.5,Informed-RRT*,1227,1313,1,1,9.06007221258049,99.1690009967276,1.58223970952049,0.00629964778845476,0,12.7007522803257,13.1139564511454
Time 0.5x,Time,0.5,Informed-RRT*,1227,1366,1,1,9.27794548330734,94.7658175433163,1.94015019167669,0,0,13.5531034397579,13.947961012855
Time 0.5x,Time,0.5,Informed-RRT*,1227,1419,1,0,8.98332974707555,96.0792944077886,1.70408130318776,0.0216969161787786,0.512499999999999,64.2587919086045,64.6591223019703
Time 0.5x,Time,0.5,Informed-RRT*,1475,1561,1,1,8.58633663030838,76.604638747367,2.4619728220526,5.10100205289911e-05,0,13.8299783693996,14.1491643641803
Time 0.5x,Time,0.5,Informed-RRT*,1475,1614,1,1,10.1743607415633,80.987381897487,3.29557697213772,0.0015167429560572,0,17.1181295399722,17.455576964545
Time 0.5x,Time,0.5,Informed-RRT*,1475,1667,1,1,7.682511072812,72.0306593393407,1.95287309669059,0,0,11.8883850134404,12.1885127606877
Time 0.5x,Time,0.5,Informed-RRT*,2312,2398,1,1,7.97613185911534,84.0683756715136,1.49986329510263,0.029191104535821,0,11.6180543933101,11.9683392919414
Time 0.5x,Time,0.5,Informed-RRT*,2312,2451,1,0,6.86048906480197,80.7435180222296,0.796775603351078,0.103462532243691,1.55171830367044,164.996927286077,165.33335861117
Time 0.5x,Time,0.5,Informed-RRT*,2312,2504,1,0,7.86011723591314,84.4473616114031,1.4476470457669,0.0206726012753423,0.205128205128205,31.8268218597351,32.1786858664492
Time 0.5x,Time,0.5,Informed-RRT*,2560,2646,0,0,NaN,NaN,NaN,NaN,NaN,NaN,NaN
Time 0.5x,Time,0.5,Informed-RRT*,2560,2699,0,0,NaN,NaN,NaN,NaN,NaN,NaN,NaN
Time 0.5x,Time,0.5,Informed-RRT*,2560,2752,0,0,NaN,NaN,NaN,NaN,NaN,NaN,NaN
Time 0.5x,Time,0.5,ST-EA*,483,NaN,0,0,NaN,NaN,NaN,NaN,NaN,NaN,NaN
Time 0.5x,Time,0.5,ST-EA*,638,NaN,0,0,NaN,NaN,NaN,NaN,NaN,NaN,NaN
Time 0.5x,Time,0.5,ST-EA*,855,NaN,1,1,7.01149682212551,84.813616011421,0.444044203750937,0.000801910435055419,0,8.2609944006922,8.61438446740645
Time 0.5x,Time,0.5,ST-EA*,948,NaN,1,1,7.08295012393281,86.2608585888592,0.454952557844741,0,0,8.35227548374254,8.71169572786279
Time 0.5x,Time,0.5,ST-EA*,1041,NaN,0,0,NaN,NaN,NaN,NaN,NaN,NaN,NaN
Time 0.5x,Time,0.5,ST-EA*,1103,NaN,1,1,6.13704758784093,72.9672940789404,0.44152631500133,0.00129174375233382,0,7.33704804736252,7.6410784393581
Time 0.5x,Time,0.5,ST-EA*,1227,NaN,1,1,7.39430193936274,90.6757607813788,0.445744425623543,0,0,8.66360646053224,9.04142213045465
Time 0.5x,Time,0.5,ST-EA*,1475,NaN,1,1,5.92553046054186,70.4744448646391,0.463985095751033,0,0,7.14714417231326,7.44078769258259
Time 0.5x,Time,0.5,ST-EA*,2312,NaN,1,1,6.91453295079993,83.2592215008807,0.448785444702423,0.00476439197245223,0,8.20666118284964,8.55357460576997
Time 0.5x,Time,0.5,ST-EA*,2560,NaN,0,0,NaN,NaN,NaN,NaN,NaN,NaN,NaN
Time 0.5x,Time,0.5,Greedy,483,NaN,1,0,23.9668152302,126.9642022834,7.93932212139834,0.446043297320618,32.7913140412865,3323.96631408437,3324.49533159388
Time 0.5x,Time,0.5,Greedy,638,NaN,1,0,14.1200031631725,106.18125566271,3.96448525192097,0.00225087882376103,20.4493528062792,2067.44918498177,2067.89160688037
Time 0.5x,Time,0.5,Greedy,855,NaN,1,0,21.6351820816271,118.179761266437,6.78785810564997,0.0195057042008336,31.4527723337997,3181.17560438685,3181.66802005879
Time 0.5x,Time,0.5,Greedy,948,NaN,1,0,24.4604079415675,134.184256144743,9.05936586639536,0.022199046660636,19.4396008400659,1987.32031521482,1987.87941628209
Time 0.5x,Time,0.5,Greedy,1041,NaN,1,0,19.6841141999795,115.808055058269,6.08870637728634,0.105485293242968,39.7490046130998,4008.2993747597,4008.78190832245
Time 0.5x,Time,0.5,Greedy,1103,NaN,1,0,50.4486519824274,337.672632504886,10.3755752802698,1.71818470045589,129.340140702427,13023.8026890923,13025.2096583944
Time 0.5x,Time,0.5,Greedy,1227,NaN,1,0,25.1523511595048,133.337728081013,8.65290985223017,0.0945456636301691,25.1863032396396,2562.58952533123,2563.14509919824
Time 0.5x,Time,0.5,Greedy,1475,NaN,1,0,53.2875017067135,157.36276436244,16.4738525606885,0.0641104359216525,90.9657303720952,9184.10502658167,9184.76070476651
Time 0.5x,Time,0.5,Greedy,2312,NaN,1,0,46.3484685778601,152.372798904267,13.6390420451458,0.331743364520424,81.6463882818016,8242.21770115562,8242.85258781772
Time 0.5x,Time,0.5,Greedy,2560,NaN,1,0,23.827976495935,124.315226768741,7.94556717861246,0.158643087138468,20.8102698022928,2122.85050206536,2123.36848217689
Time 1.5x,Time,1.5,RA-ALA,483,547,1,1,8.15383604693111,100.076807823234,0.704259938927398,0.0538581536037746,0,11.3518975586141,10.9349108593506
Time 1.5x,Time,1.5,RA-ALA,483,600,1,1,10.2101142994544,114.746500703153,1.23538478999675,0.057097753708506,0,14.6861926753224,14.2080822557259
Time 1.5x,Time,1.5,RA-ALA,483,653,1,1,8.37556242093647,99.9873343046541,1.01146715337534,0.0350967733224698,0,11.99930613972,11.582692246784
Time 1.5x,Time,1.5,RA-ALA,638,702,1,0,8.23397536500022,97.8205988004526,0.75701166246113,0.00904236212027807,1.40581453545686,151.642633341817,151.235047513482
Time 1.5x,Time,1.5,RA-ALA,638,755,1,0,7.02677102508788,91.7284720419171,0.474283540416426,0,0.00731132783877769,9.85307679032246,9.47087482348114
Time 1.5x,Time,1.5,RA-ALA,638,808,1,0,8.18729613111483,96.0898794880488,1.42969974096802,0.0117410121574056,0.00672470906483107,13.0377001347086,12.6373256368418
Time 1.5x,Time,1.5,RA-ALA,855,919,1,1,10.4688215699344,109.778947290673,2.00086905054339,0.0149783377903816,0,15.9925798900584,15.5351676096806
Time 1.5x,Time,1.5,RA-ALA,855,972,1,1,6.46161315814858,85.6703971184415,0.0462568768313119,0,0,7.62500687579173,7.26804688779822
Time 1.5x,Time,1.5,RA-ALA,855,1025,1,1,8.42830672182967,95.3962387352999,1.07621052646887,0.000632490601668396,0,11.7795056649753,11.3820213369116
Time 1.5x,Time,1.5,RA-ALA,948,1012,1,1,6.71512535054084,86.5737965397211,0.360644721777344,4.36686298008747e-05,0,8.51902393714005,8.15829978489121
Time 1.5x,Time,1.5,RA-ALA,948,1065,1,1,6.8562078496853,87.0212696096227,0.372091825736634,0.00342566853403561,0,8.72241405661921,8.35982543324578
Time 1.5x,Time,1.5,RA-ALA,948,1118,1,1,7.25548039279388,88.8059320718881,0.631208807328431,0.0019556928595471,0,9.64752908694482,9.27750436997862
Time 1.5x,Time,1.5,RA-ALA,1041,1105,1,1,8.59263336384759,96.3632050301627,1.1194258916925,8.65873129914025e-05,0,12.0368910832395,11.6353777289472
Time 1.5x,Time,1.5,RA-ALA,1041,1158,1,0,13.1048079297605,144.089631499926,2.00977813103307,0.0174057276582073,0.869523440304532,106.051885892611,105.451512428028
Time 1.5x,Time,1.5,RA-ALA,1041,1211,1,0,9.69148667919162,114.011664307467,1.28114107797731,0,0.869714132321639,100.650327871154,100.175279269872
Time 1.5x,Time,1.5,RA-ALA,1103,1167,1,1,5.784049788273,70.5129852525987,0.494738189502689,0.0131083945624939,0,7.7860224285608,7.49221832334164
Time 1.5x,Time,1.5,RA-ALA,1103,1220,1,1,5.56895781893055,70.7514205904272,0.467809109408127,0.00432118696897065,0,7.43218066481685,7.13738307902341
Time 1.5x,Time,1.5,RA-ALA,1103,1273,1,1,6.11752407208882,70.5552404653062,0.805287200974742,0.0125026821805292,0,8.73506580165992,8.44108563305448
Time 1.5x,Time,1.5,RA-ALA,1227,1291,1,1,9.53221838179634,98.4069079020996,1.9948089468182,0.000920787073964538,0,14.7611304949486,14.3511017120232
Time 1.5x,Time,1.5,RA-ALA,1227,1344,1,1,7.17532368028695,90.4416072325564,0.45656886390939,0,0,9.21898149851269,8.84214146837704
Time 1.5x,Time,1.5,RA-ALA,1227,1397,1,1,7.53791665506141,98.3504468082671,0.47328148838425,0.00297861981606538,0,9.7436464150939,9.33385288672612
Time 1.5x,Time,1.5,RA-ALA,1475,1539,1,1,6.07934254071172,70.4193239403963,0.900762349412162,0,0,8.761108788791,8.46769493903934
Time 1.5x,Time,1.5,RA-ALA,1475,1592,1,1,5.54936213226354,67.453064073019,0.514368193296314,9.29445916241159e-05,0,7.42219126568514,7.14113683204756
Time 1.5x,Time,1.5,RA-ALA,1475,1645,1,1,5.48691657433538,68.548852607184,0.474819233009625,4.35582695166917e-05,0,7.2938512806396,7.008231061443
Time 1.5x,Time,1.5,RA-ALA,2312,2376,1,1,7.13428837184972,83.5127815640736,0.831286699072747,0,0,9.84077153954613,9.49280161636249
Time 1.5x,Time,1.5,RA-ALA,2312,2429,1,1,6.82926122596219,86.2738476448991,0.602978213674786,0.000703680393140862,0,9.12067755280441,8.76120318761733
Time 1.5x,Time,1.5,RA-ALA,2312,2482,1,1,8.17465829896202,95.5146012194315,0.97878673558453,0.0155481602478779,0,11.4816458878528,11.0836683827718
Time 1.5x,Time,1.5,RA-ALA,2560,2624,1,1,7.13924743449586,80.368124159768,1.13559087105626,0.00208278262074165,0,10.4358585548129,10.1009913708139
Time 1.5x,Time,1.5,RA-ALA,2560,2677,1,0,14.8446209670614,144.507342050458,3.39789061319217,0.0189461024153748,0.112216775100351,34.8578825032653,34.2557685780551
Time 1.5x,Time,1.5,RA-ALA,2560,2730,1,1,8.76081592781764,84.4974047748592,2.16155403716205,0.0124957019821948,0,14.2650985816494,13.9130260617542
Time 1.5x,Time,1.5,Energy-A*,483,NaN,1,1,7.3899305218494,90.3309860073339,0.445377793962028,0.574152118151938,0,15.1513446163845,14.7749655080206
Time 1.5x,Time,1.5,Energy-A*,638,NaN,1,0,7.51290258166744,91.9184021721214,0.440618933173671,0,1.58812792378808,168.355912853974,167.97291951159
Time 1.5x,Time,1.5,Energy-A*,855,NaN,1,1,7.00956783670042,84.7861235705395,0.444044203750937,0.00425923441662897,0,9.00007513300032,8.64679961812307
Time 1.5x,Time,1.5,Energy-A*,948,NaN,1,1,7.54937834441255,91.9236739676502,0.454952557844741,0,0,9.60832938469766,9.22531407649912
Time 1.5x,Time,1.5,Energy-A*,1041,NaN,1,0,7.08403294810438,86.037382694546,0.441646631261612,0.00885779480981272,3.28979428200548,338.110799642956,337.752310548395
Time 1.5x,Time,1.5,Energy-A*,1103,NaN,0,0,NaN,NaN,NaN,NaN,NaN,NaN,NaN
Time 1.5x,Time,1.5,Energy-A*,1227,NaN,1,1,7.66954577132874,94.0635830531745,0.445744425623543,0,0,9.73682941074051,9.34489781468561
Time 1.5x,Time,1.5,Energy-A*,1475,NaN,1,1,6.45020343104816,73.9322221880963,0.671278605592387,0,0,8.71691341958413,8.4088624938004
Time 1.5x,Time,1.5,Energy-A*,2312,NaN,1,1,7.19065472027393,86.8542273259752,0.448785444702423,0.243506936553431,0,11.6089728167878,11.2470802029295
Time 1.5x,Time,1.5,Energy-A*,2560,NaN,1,0,7.11915795353601,86.1017946382157,0.464147717544105,0.103816683971556,0.166743106978164,26.8362033591339,26.4774458814747
Time 1.5x,Time,1.5,Informed-RRT*,483,569,1,0,8.33380265532389,88.0516493669614,1.58331662681967,0.847195883309103,4.00104394480474,421.177434839616,420.810552967253
Time 1.5x,Time,1.5,Informed-RRT*,483,622,1,0,8.16411088458937,88.9588123403382,1.31159675184838,1.30966089974306,10.0432588455004,1029.32178309001,1028.95112137192
Time 1.5x,Time,1.5,Informed-RRT*,483,675,1,0,8.62425511022709,88.8761601646126,1.76541397493521,1.26962565028556,9.45473316243918,971.435607808929,971.06529047491
Time 1.5x,Time,1.5,Informed-RRT*,638,724,0,0,NaN,NaN,NaN,NaN,NaN,NaN,NaN
Time 1.5x,Time,1.5,Informed-RRT*,638,777,0,0,NaN,NaN,NaN,NaN,NaN,NaN,NaN
Time 1.5x,Time,1.5,Informed-RRT*,638,830,0,0,NaN,NaN,NaN,NaN,NaN,NaN,NaN
Time 1.5x,Time,1.5,Informed-RRT*,855,941,1,1,8.96193621575657,90.8177975482536,1.99319572870031,0.312231792719147,0,17.2058680697018,16.8274605799174
Time 1.5x,Time,1.5,Informed-RRT*,855,994,1,0,8.81376330759704,92.204879554606,1.77065867689201,0.404967130754288,0.868740274896799,104.431340453036,104.047153454892
Time 1.5x,Time,1.5,Informed-RRT*,855,1047,1,0,7.77140470869576,84.274968554858,1.28168920714492,0.0116463684252252,0.250000000000002,36.5046839141738,36.1535382118618
Time 1.5x,Time,1.5,Informed-RRT*,948,1034,1,0,9.1221413374736,95.7503227937804,1.7956386147934,0.0322233904782205,0.322999581064098,46.5324896131746,46.1335299348672
Time 1.5x,Time,1.5,Informed-RRT*,948,1087,1,1,9.10774866406403,92.196017133568,2.00314665386811,0.00397873991018449,0,14.3062795850717,13.9221295136818
Time 1.5x,Time,1.5,Informed-RRT*,948,1140,1,0,7.73522476868856,87.8613461724552,1.06296841349843,0.0111446591461261,0.444444444444445,55.5153194587468,55.1492305163616
Time 1.5x,Time,1.5,Informed-RRT*,1041,1127,0,0,NaN,NaN,NaN,NaN,NaN,NaN,NaN
Time 1.5x,Time,1.5,Informed-RRT*,1041,1180,0,0,NaN,NaN,NaN,NaN,NaN,NaN,NaN
Time 1.5x,Time,1.5,Informed-RRT*,1041,1233,0,0,NaN,NaN,NaN,NaN,NaN,NaN,NaN
Time 1.5x,Time,1.5,Informed-RRT*,1103,1189,1,1,7.3806904562533,73.0011434702517,1.70963516712409,0.00811657843477341,0,11.7936408682274,11.4894694371013
Time 1.5x,Time,1.5,Informed-RRT*,1103,1242,1,0,7.29187649558715,75.193701974023,1.51052877514889,0.466726288075901,4.10811704755824,426.731822957144,426.418515865585
Time 1.5x,Time,1.5,Informed-RRT*,1103,1295,1,0,7.81850771797329,74.015911345428,2.01576828215173,0.0269911591124456,0.3875,51.795154765219,51.4867551346131
Time 1.5x,Time,1.5,Informed-RRT*,1227,1313,1,1,9.06007221258049,99.1690009967276,1.58223970952049,0.00629964778845476,0,13.5271606219651,13.1139564511454
Time 1.5x,Time,1.5,Informed-RRT*,1227,1366,1,1,9.27794548330734,94.7658175433163,1.94015019167669,0,0,14.3428185859522,13.947961012855
Time 1.5x,Time,1.5,Informed-RRT*,1227,1419,1,0,8.98332974707555,96.0792944077886,1.70408130318776,0.0216969161787786,0.512499999999999,65.0594526953361,64.6591223019703
Time 1.5x,Time,1.5,Informed-RRT*,1475,1561,1,1,8.58633663030838,76.604638747367,2.4619728220526,5.10100205289911e-05,0,14.4683503589609,14.1491643641803
Time 1.5x,Time,1.5,Informed-RRT*,1475,1614,1,1,10.1743607415633,80.987381897487,3.29557697213772,0.0015167429560572,0,17.7930243891179,17.455576964545
Time 1.5x,Time,1.5,Informed-RRT*,1475,1667,1,1,7.682511072812,72.0306593393407,1.95287309669059,0,0,12.4886405079349,12.1885127606877
Time 1.5x,Time,1.5,Informed-RRT*,2312,2398,1,1,7.97613185911534,84.0683756715136,1.49986329510263,0.029191104535821,0,12.3186241905727,11.9683392919414
Time 1.5x,Time,1.5,Informed-RRT*,2312,2451,1,0,6.86048906480197,80.7435180222296,0.796775603351078,0.103462532243691,1.55171830367044,165.669789936263,165.33335861117
Time 1.5x,Time,1.5,Informed-RRT*,2312,2504,1,0,7.86011723591314,84.4473616114031,1.4476470457669,0.0206726012753423,0.205128205128205,32.5305498731634,32.1786858664492
Time 1.5x,Time,1.5,Informed-RRT*,2560,2646,0,0,NaN,NaN,NaN,NaN,NaN,NaN,NaN
Time 1.5x,Time,1.5,Informed-RRT*,2560,2699,0,0,NaN,NaN,NaN,NaN,NaN,NaN,NaN
Time 1.5x,Time,1.5,Informed-RRT*,2560,2752,0,0,NaN,NaN,NaN,NaN,NaN,NaN,NaN
Time 1.5x,Time,1.5,ST-EA*,483,NaN,0,0,NaN,NaN,NaN,NaN,NaN,NaN,NaN
Time 1.5x,Time,1.5,ST-EA*,638,NaN,0,0,NaN,NaN,NaN,NaN,NaN,NaN,NaN
Time 1.5x,Time,1.5,ST-EA*,855,NaN,1,1,7.01149682212551,84.813616011421,0.444044203750937,0.000801910435055419,0,8.9677745341207,8.61438446740645
Time 1.5x,Time,1.5,ST-EA*,948,NaN,1,1,7.08295012393281,86.2608585888592,0.454952557844741,0,0,9.07111597198304,8.71169572786279
Time 1.5x,Time,1.5,ST-EA*,1041,NaN,0,0,NaN,NaN,NaN,NaN,NaN,NaN,NaN
Time 1.5x,Time,1.5,ST-EA*,1103,NaN,1,1,6.13704758784093,72.9672940789404,0.44152631500133,0.00129174375233382,0,7.94510883135369,7.6410784393581
Time 1.5x,Time,1.5,ST-EA*,1227,NaN,1,1,7.39430193936274,90.6757607813788,0.445744425623543,0,0,9.41923780037706,9.04142213045465
Time 1.5x,Time,1.5,ST-EA*,1475,NaN,1,1,5.92553046054186,70.4744448646391,0.463985095751033,0,0,7.73443121285192,7.44078769258259
Time 1.5x,Time,1.5,ST-EA*,2312,NaN,1,1,6.91453295079993,83.2592215008807,0.448785444702423,0.00476439197245223,0,8.90048802869031,8.55357460576997
Time 1.5x,Time,1.5,ST-EA*,2560,NaN,0,0,NaN,NaN,NaN,NaN,NaN,NaN,NaN
Time 1.5x,Time,1.5,Greedy,483,NaN,1,0,23.9668152302,126.9642022834,7.93932212139834,0.446043297320618,32.7913140412865,3325.0243491034,3324.49533159388
Time 1.5x,Time,1.5,Greedy,638,NaN,1,0,14.1200031631725,106.18125566271,3.96448525192097,0.00225087882376103,20.4493528062792,2068.33402877896,2067.89160688037
Time 1.5x,Time,1.5,Greedy,855,NaN,1,0,21.6351820816271,118.179761266437,6.78785810564997,0.0195057042008336,31.4527723337997,3182.16043573074,3181.66802005879
Time 1.5x,Time,1.5,Greedy,948,NaN,1,0,24.4604079415675,134.184256144743,9.05936586639536,0.022199046660636,19.4396008400659,1988.43851734936,1987.87941628209
Time 1.5x,Time,1.5,Greedy,1041,NaN,1,0,19.6841141999795,115.808055058269,6.08870637728634,0.105485293242968,39.7490046130998,4009.26444188519,4008.78190832245
Time 1.5x,Time,1.5,Greedy,1103,NaN,1,0,50.4486519824274,337.672632504886,10.3755752802698,1.71818470045589,129.340140702427,13026.6166276965,13025.2096583944
Time 1.5x,Time,1.5,Greedy,1227,NaN,1,0,25.1523511595048,133.337728081013,8.65290985223017,0.0945456636301691,25.1863032396396,2563.70067306524,2563.14509919824
Time 1.5x,Time,1.5,Greedy,1475,NaN,1,0,53.2875017067135,157.36276436244,16.4738525606885,0.0641104359216525,90.9657303720952,9185.41638295136,9184.76070476651
Time 1.5x,Time,1.5,Greedy,2312,NaN,1,0,46.3484685778601,152.372798904267,13.6390420451458,0.331743364520424,81.6463882818016,8243.48747447982,8242.85258781772
Time 1.5x,Time,1.5,Greedy,2560,NaN,1,0,23.827976495935,124.315226768741,7.94556717861246,0.158643087138468,20.8102698022928,2123.88646228843,2123.36848217689
Climb 0.5x,Climb,0.5,RA-ALA,483,547,1,1,8.15383604693111,100.076807823234,0.704259938927398,0.0538581536037746,0,10.2306509204232,10.9349108593506
Climb 0.5x,Climb,0.5,RA-ALA,483,600,1,1,10.2101142994544,114.746500703153,1.23538478999675,0.057097753708506,0,12.9726974657292,14.2080822557259
Climb 0.5x,Climb,0.5,RA-ALA,483,653,1,1,8.37556242093647,99.9873343046541,1.01146715337534,0.0350967733224698,0,10.5712250934086,11.582692246784
Climb 0.5x,Climb,0.5,RA-ALA,638,702,1,0,8.23397536500022,97.8205988004526,0.75701166246113,0.00904236212027807,1.40581453545686,150.478035851021,151.235047513482
Climb 0.5x,Climb,0.5,RA-ALA,638,755,1,0,7.02677102508788,91.7284720419171,0.474283540416426,0,0.00731132783877769,8.99659128306472,9.47087482348114
Climb 0.5x,Climb,0.5,RA-ALA,638,808,1,0,8.18729613111483,96.0898794880488,1.42969974096802,0.0117410121574056,0.00672470906483107,11.2076258958737,12.6373256368418
Climb 0.5x,Climb,0.5,RA-ALA,855,919,1,1,10.4688215699344,109.778947290673,2.00086905054339,0.0149783377903816,0,13.5342985591372,15.5351676096806
Climb 0.5x,Climb,0.5,RA-ALA,855,972,1,1,6.46161315814858,85.6703971184415,0.0462568768313119,0,0,7.22179001096691,7.26804688779822
Climb 0.5x,Climb,0.5,RA-ALA,855,1025,1,1,8.42830672182967,95.3962387352999,1.07621052646887,0.000632490601668396,0,10.3058108104427,11.3820213369116
Climb 0.5x,Climb,0.5,RA-ALA,948,1012,1,1,6.71512535054084,86.5737965397211,0.360644721777344,4.36686298008747e-05,0,7.79765506311387,8.15829978489121
Climb 0.5x,Climb,0.5,RA-ALA,948,1065,1,1,6.8562078496853,87.0212696096227,0.372091825736634,0.00342566853403561,0,7.98773360750914,8.35982543324578
Climb 0.5x,Climb,0.5,RA-ALA,948,1118,1,1,7.25548039279388,88.8059320718881,0.631208807328431,0.0019556928595471,0,8.64629556265019,9.27750436997862
Climb 0.5x,Climb,0.5,RA-ALA,1041,1105,1,1,8.59263336384759,96.3632050301627,1.1194258916925,8.65873129914025e-05,0,10.5159518372547,11.6353777289472
Climb 0.5x,Climb,0.5,RA-ALA,1041,1158,1,0,13.1048079297605,144.089631499926,2.00977813103307,0.0174057276582073,0.869523440304532,103.441734296995,105.451512428028
Climb 0.5x,Climb,0.5,RA-ALA,1041,1211,1,0,9.69148667919162,114.011664307467,1.28114107797731,0,0.869714132321639,98.8941381918951,100.175279269872
Climb 0.5x,Climb,0.5,RA-ALA,1103,1167,1,1,5.784049788273,70.5129852525987,0.494738189502689,0.0131083945624939,0,6.99748013383895,7.49221832334164
Climb 0.5x,Climb,0.5,RA-ALA,1103,1220,1,1,5.56895781893055,70.7514205904272,0.467809109408127,0.00432118696897065,0,6.66957396961528,7.13738307902341
Climb 0.5x,Climb,0.5,RA-ALA,1103,1273,1,1,6.11752407208882,70.5552404653062,0.805287200974742,0.0125026821805292,0,7.63579843207973,8.44108563305448
Climb 0.5x,Climb,0.5,RA-ALA,1227,1291,1,1,9.53221838179634,98.4069079020996,1.9948089468182,0.000920787073964538,0,12.356292765205,14.3511017120232
Climb 0.5x,Climb,0.5,RA-ALA,1227,1344,1,1,7.17532368028695,90.4416072325564,0.45656886390939,0,0,8.38557260446765,8.84214146837704
Climb 0.5x,Climb,0.5,RA-ALA,1227,1397,1,1,7.53791665506141,98.3504468082671,0.47328148838425,0.00297861981606538,0,8.86057139834187,9.33385288672612
Climb 0.5x,Climb,0.5,RA-ALA,1475,1539,1,1,6.07934254071172,70.4193239403963,0.900762349412162,0,0,7.56693258962718,8.46769493903934
Climb 0.5x,Climb,0.5,RA-ALA,1475,1592,1,1,5.54936213226354,67.453064073019,0.514368193296314,9.29445916241159e-05,0,6.62676863875125,7.14113683204756
Climb 0.5x,Climb,0.5,RA-ALA,1475,1645,1,1,5.48691657433538,68.548852607184,0.474819233009625,4.35582695166917e-05,0,6.53341182843337,7.008231061443
Climb 0.5x,Climb,0.5,RA-ALA,2312,2376,1,1,7.13428837184972,83.5127815640736,0.831286699072747,0,0,8.66151491728974,9.49280161636249
Climb 0.5x,Climb,0.5,RA-ALA,2312,2429,1,1,6.82926122596219,86.2738476448991,0.602978213674786,0.000703680393140862,0,8.15822497394255,8.76120318761733
Climb 0.5x,Climb,0.5,RA-ALA,2312,2482,1,1,8.17465829896202,95.5146012194315,0.97878673558453,0.0155481602478779,0,10.1048816471873,11.0836683827718
Climb 0.5x,Climb,0.5,RA-ALA,2560,2624,1,1,7.13924743449586,80.368124159768,1.13559087105626,0.00208278262074165,0,8.9654004997576,10.1009913708139
Climb 0.5x,Climb,0.5,RA-ALA,2560,2677,1,0,14.8446209670614,144.507342050458,3.39789061319217,0.0189461024153748,0.112216775100351,30.8578779648629,34.2557685780551
Climb 0.5x,Climb,0.5,RA-ALA,2560,2730,1,1,8.76081592781764,84.4974047748592,2.16155403716205,0.0124957019821948,0,11.7514720245921,13.9130260617542
Climb 0.5x,Climb,0.5,Energy-A*,483,NaN,1,1,7.3899305218494,90.3309860073339,0.445377793962028,0.574152118151938,0,14.3295877140586,14.7749655080206
Climb 0.5x,Climb,0.5,Energy-A*,638,NaN,1,0,7.51290258166744,91.9184021721214,0.440618933173671,0,1.58812792378808,167.532300578417,167.97291951159
Climb 0.5x,Climb,0.5,Energy-A*,855,NaN,1,1,7.00956783670042,84.7861235705395,0.444044203750937,0.00425923441662897,0,8.20275541437214,8.64679961812307
Climb 0.5x,Climb,0.5,Energy-A*,948,NaN,1,1,7.54937834441255,91.9236739676502,0.454952557844741,0,0,8.77036151865438,9.22531407649912
Climb 0.5x,Climb,0.5,Energy-A*,1041,NaN,1,0,7.08403294810438,86.037382694546,0.441646631261612,0.00885779480981272,3.28979428200548,337.310663917134,337.752310548395
Climb 0.5x,Climb,0.5,Energy-A*,1103,NaN,0,0,NaN,NaN,NaN,NaN,NaN,NaN,NaN
Climb 0.5x,Climb,0.5,Energy-A*,1227,NaN,1,1,7.66954577132874,94.0635830531745,0.445744425623543,0,0,8.89915338906207,9.34489781468561
Climb 0.5x,Climb,0.5,Energy-A*,1475,NaN,1,1,6.45020343104816,73.9322221880963,0.671278605592387,0,0,7.73758388820801,8.4088624938004
Climb 0.5x,Climb,0.5,Energy-A*,2312,NaN,1,1,7.19065472027393,86.8542273259752,0.448785444702423,0.243506936553431,0,10.7982947582271,11.2470802029295
Climb 0.5x,Climb,0.5,Energy-A*,2560,NaN,1,0,7.11915795353601,86.1017946382157,0.464147717544105,0.103816683971556,0.166743106978164,26.0132981639306,26.4774458814747
Climb 0.5x,Climb,0.5,Informed-RRT*,483,569,1,0,8.33380265532389,88.0516493669614,1.58331662681967,0.847195883309103,4.00104394480474,419.227236340434,420.810552967253
Climb 0.5x,Climb,0.5,Informed-RRT*,483,622,1,0,8.16411088458937,88.9588123403382,1.31159675184838,1.30966089974306,10.0432588455004,1027.63952462007,1028.95112137192
Climb 0.5x,Climb,0.5,Informed-RRT*,483,675,1,0,8.62425511022709,88.8761601646126,1.76541397493521,1.26962565028556,9.45473316243918,969.299876499975,971.06529047491
Climb 0.5x,Climb,0.5,Informed-RRT*,638,724,0,0,NaN,NaN,NaN,NaN,NaN,NaN,NaN
Climb 0.5x,Climb,0.5,Informed-RRT*,638,777,0,0,NaN,NaN,NaN,NaN,NaN,NaN,NaN
Climb 0.5x,Climb,0.5,Informed-RRT*,638,830,0,0,NaN,NaN,NaN,NaN,NaN,NaN,NaN
Climb 0.5x,Climb,0.5,Informed-RRT*,855,941,1,1,8.96193621575657,90.8177975482536,1.99319572870031,0.312231792719147,0,14.8342648512171,16.8274605799174
Climb 0.5x,Climb,0.5,Informed-RRT*,855,994,1,0,8.81376330759704,92.204879554606,1.77065867689201,0.404967130754288,0.868740274896799,102.276494778,104.047153454892
Climb 0.5x,Climb,0.5,Informed-RRT*,855,1047,1,0,7.77140470869576,84.274968554858,1.28168920714492,0.0116463684252252,0.250000000000002,34.8718490047169,36.1535382118618
Climb 0.5x,Climb,0.5,Informed-RRT*,948,1034,1,0,9.1221413374736,95.7503227937804,1.7956386147934,0.0322233904782205,0.322999581064098,44.3378913200738,46.1335299348672
Climb 0.5x,Climb,0.5,Informed-RRT*,948,1087,1,1,9.10774866406403,92.196017133568,2.00314665386811,0.00397873991018449,0,11.9189828598137,13.9221295136818
Climb 0.5x,Climb,0.5,Informed-RRT*,948,1140,1,0,7.73522476868856,87.8613461724552,1.06296841349843,0.0111446591461261,0.444444444444445,54.0862621028632,55.1492305163616
Climb 0.5x,Climb,0.5,Informed-RRT*,1041,1127,0,0,NaN,NaN,NaN,NaN,NaN,NaN,NaN
Climb 0.5x,Climb,0.5,Informed-RRT*,1041,1180,0,0,NaN,NaN,NaN,NaN,NaN,NaN,NaN
Climb 0.5x,Climb,0.5,Informed-RRT*,1041,1233,0,0,NaN,NaN,NaN,NaN,NaN,NaN,NaN
Climb 0.5x,Climb,0.5,Informed-RRT*,1103,1189,1,1,7.3806904562533,73.0011434702517,1.70963516712409,0.00811657843477341,0,9.77983426997723,11.4894694371013
Climb 0.5x,Climb,0.5,Informed-RRT*,1103,1242,1,0,7.29187649558715,75.193701974023,1.51052877514889,0.466726288075901,4.10811704755824,424.907987090436,426.418515865585
Climb 0.5x,Climb,0.5,Informed-RRT*,1103,1295,1,0,7.81850771797329,74.015911345428,2.01576828215173,0.0269911591124456,0.3875,49.4709868524613,51.4867551346131
Climb 0.5x,Climb,0.5,Informed-RRT*,1227,1313,1,1,9.06007221258049,99.1690009967276,1.58223970952049,0.00629964778845476,0,11.5317167416249,13.1139564511454
Climb 0.5x,Climb,0.5,Informed-RRT*,1227,1366,1,1,9.27794548330734,94.7658175433163,1.94015019167669,0,0,12.0078108211783,13.947961012855
Climb 0.5x,Climb,0.5,Informed-RRT*,1227,1419,1,0,8.98332974707555,96.0792944077886,1.70408130318776,0.0216969161787786,0.512499999999999,62.9550409987826,64.6591223019703
Climb 0.5x,Climb,0.5,Informed-RRT*,1475,1561,1,1,8.58633663030838,76.604638747367,2.4619728220526,5.10100205289911e-05,0,11.6871915421277,14.1491643641803
Climb 0.5x,Climb,0.5,Informed-RRT*,1475,1614,1,1,10.1743607415633,80.987381897487,3.29557697213772,0.0015167429560572,0,14.1599999924073,17.455576964545
Climb 0.5x,Climb,0.5,Informed-RRT*,1475,1667,1,1,7.682511072812,72.0306593393407,1.95287309669059,0,0,10.2356396639971,12.1885127606877
Climb 0.5x,Climb,0.5,Informed-RRT*,2312,2398,1,1,7.97613185911534,84.0683756715136,1.49986329510263,0.029191104535821,0,10.4684759968388,11.9683392919414
Climb 0.5x,Climb,0.5,Informed-RRT*,2312,2451,1,0,6.86048906480197,80.7435180222296,0.796775603351078,0.103462532243691,1.55171830367044,164.536583007819,165.33335861117
Climb 0.5x,Climb,0.5,Informed-RRT*,2312,2504,1,0,7.86011723591314,84.4473616114031,1.4476470457669,0.0206726012753423,0.205128205128205,30.7310388206823,32.1786858664492
Climb 0.5x,Climb,0.5,Informed-RRT*,2560,2646,0,0,NaN,NaN,NaN,NaN,NaN,NaN,NaN
Climb 0.5x,Climb,0.5,Informed-RRT*,2560,2699,0,0,NaN,NaN,NaN,NaN,NaN,NaN,NaN
Climb 0.5x,Climb,0.5,Informed-RRT*,2560,2752,0,0,NaN,NaN,NaN,NaN,NaN,NaN,NaN
Climb 0.5x,Climb,0.5,ST-EA*,483,NaN,0,0,NaN,NaN,NaN,NaN,NaN,NaN,NaN
Climb 0.5x,Climb,0.5,ST-EA*,638,NaN,0,0,NaN,NaN,NaN,NaN,NaN,NaN,NaN
Climb 0.5x,Climb,0.5,ST-EA*,855,NaN,1,1,7.01149682212551,84.813616011421,0.444044203750937,0.000801910435055419,0,8.17034026365551,8.61438446740645
Climb 0.5x,Climb,0.5,ST-EA*,948,NaN,1,1,7.08295012393281,86.2608585888592,0.454952557844741,0,0,8.25674317001805,8.71169572786279
Climb 0.5x,Climb,0.5,ST-EA*,1041,NaN,0,0,NaN,NaN,NaN,NaN,NaN,NaN,NaN
Climb 0.5x,Climb,0.5,ST-EA*,1103,NaN,1,1,6.13704758784093,72.9672940789404,0.44152631500133,0.00129174375233382,0,7.19955212435677,7.6410784393581
Climb 0.5x,Climb,0.5,ST-EA*,1227,NaN,1,1,7.39430193936274,90.6757607813788,0.445744425623543,0,0,8.59567770483111,9.04142213045465
Climb 0.5x,Climb,0.5,ST-EA*,1475,NaN,1,1,5.92553046054186,70.4744448646391,0.463985095751033,0,0,6.97680259683156,7.44078769258259
Climb 0.5x,Climb,0.5,ST-EA*,2312,NaN,1,1,6.91453295079993,83.2592215008807,0.448785444702423,0.00476439197245223,0,8.10478916106755,8.55357460576997
Climb 0.5x,Climb,0.5,ST-EA*,2560,NaN,0,0,NaN,NaN,NaN,NaN,NaN,NaN,NaN
Climb 0.5x,Climb,0.5,Greedy,483,NaN,1,0,23.9668152302,126.9642022834,7.93932212139834,0.446043297320618,32.7913140412865,3316.55600947248,3324.49533159388
Climb 0.5x,Climb,0.5,Greedy,638,NaN,1,0,14.1200031631725,106.18125566271,3.96448525192097,0.00225087882376103,20.4493528062792,2063.92712162844,2067.89160688037
Climb 0.5x,Climb,0.5,Greedy,855,NaN,1,0,21.6351820816271,118.179761266437,6.78785810564997,0.0195057042008336,31.4527723337997,3174.88016195314,3181.66802005879
Climb 0.5x,Climb,0.5,Greedy,948,NaN,1,0,24.4604079415675,134.184256144743,9.05936586639536,0.022199046660636,19.4396008400659,1978.8200504157,1987.87941628209
Climb 0.5x,Climb,0.5,Greedy,1041,NaN,1,0,19.6841141999795,115.808055058269,6.08870637728634,0.105485293242968,39.7490046130998,4002.69320194516,4008.78190832245
Climb 0.5x,Climb,0.5,Greedy,1103,NaN,1,0,50.4486519824274,337.672632504886,10.3755752802698,1.71818470045589,129.340140702427,13014.8340831142,13025.2096583944
Climb 0.5x,Climb,0.5,Greedy,1227,NaN,1,0,25.1523511595048,133.337728081013,8.65290985223017,0.0945456636301691,25.1863032396396,2554.49218934601,2563.14509919824
Climb 0.5x,Climb,0.5,Greedy,1475,NaN,1,0,53.2875017067135,157.36276436244,16.4738525606885,0.0641104359216525,90.9657303720952,9168.28685220582,9184.76070476651
Climb 0.5x,Climb,0.5,Greedy,2312,NaN,1,0,46.3484685778601,152.372798904267,13.6390420451458,0.331743364520424,81.6463882818016,8229.21354577258,8242.85258781772
Climb 0.5x,Climb,0.5,Greedy,2560,NaN,1,0,23.827976495935,124.315226768741,7.94556717861246,0.158643087138468,20.8102698022928,2115.42291499828,2123.36848217689
Climb 1.5x,Climb,1.5,RA-ALA,483,547,1,1,8.15383604693111,100.076807823234,0.704259938927398,0.0538581536037746,0,11.639170798278,10.9349108593506
Climb 1.5x,Climb,1.5,RA-ALA,483,600,1,1,10.2101142994544,114.746500703153,1.23538478999675,0.057097753708506,0,15.4434670457227,14.2080822557259
Climb 1.5x,Climb,1.5,RA-ALA,483,653,1,1,8.37556242093647,99.9873343046541,1.01146715337534,0.0350967733224698,0,12.5941594001593,11.582692246784
Climb 1.5x,Climb,1.5,RA-ALA,638,702,1,0,8.23397536500022,97.8205988004526,0.75701166246113,0.00904236212027807,1.40581453545686,151.992059175943,151.235047513482
Climb 1.5x,Climb,1.5,RA-ALA,638,755,1,0,7.02677102508788,91.7284720419171,0.474283540416426,0,0.00731132783877769,9.94515836389757,9.47087482348114
Climb 1.5x,Climb,1.5,RA-ALA,638,808,1,0,8.18729613111483,96.0898794880488,1.42969974096802,0.0117410121574056,0.00672470906483107,14.0670253778098,12.6373256368418
Climb 1.5x,Climb,1.5,RA-ALA,855,919,1,1,10.4688215699344,109.778947290673,2.00086905054339,0.0149783377903816,0,17.536036660224,15.5351676096806
Climb 1.5x,Climb,1.5,RA-ALA,855,972,1,1,6.46161315814858,85.6703971184415,0.0462568768313119,0,0,7.31430376462953,7.26804688779822
Climb 1.5x,Climb,1.5,RA-ALA,855,1025,1,1,8.42830672182967,95.3962387352999,1.07621052646887,0.000632490601668396,0,12.4582318633805,11.3820213369116
Climb 1.5x,Climb,1.5,RA-ALA,948,1012,1,1,6.71512535054084,86.5737965397211,0.360644721777344,4.36686298008747e-05,0,8.51894450666856,8.15829978489121
Climb 1.5x,Climb,1.5,RA-ALA,948,1065,1,1,6.8562078496853,87.0212696096227,0.372091825736634,0.00342566853403561,0,8.73191725898241,8.35982543324578
Climb 1.5x,Climb,1.5,RA-ALA,948,1118,1,1,7.25548039279388,88.8059320718881,0.631208807328431,0.0019556928595471,0,9.90871317730705,9.27750436997862
Climb 1.5x,Climb,1.5,RA-ALA,1041,1105,1,1,8.59263336384759,96.3632050301627,1.1194258916925,8.65873129914025e-05,0,12.7548036206397,11.6353777289472
Climb 1.5x,Climb,1.5,RA-ALA,1041,1158,1,0,13.1048079297605,144.089631499926,2.00977813103307,0.0174057276582073,0.869523440304532,107.461290559061,105.451512428028
Climb 1.5x,Climb,1.5,RA-ALA,1041,1211,1,0,9.69148667919162,114.011664307467,1.28114107797731,0,0.869714132321639,101.45642034785,100.175279269872
Climb 1.5x,Climb,1.5,RA-ALA,1103,1167,1,1,5.784049788273,70.5129852525987,0.494738189502689,0.0131083945624939,0,7.98695651284432,7.49221832334164
Climb 1.5x,Climb,1.5,RA-ALA,1103,1220,1,1,5.56895781893055,70.7514205904272,0.467809109408127,0.00432118696897065,0,7.60519218843153,7.13738307902341
Climb 1.5x,Climb,1.5,RA-ALA,1103,1273,1,1,6.11752407208882,70.5552404653062,0.805287200974742,0.0125026821805292,0,9.24637283402922,8.44108563305448
Climb 1.5x,Climb,1.5,RA-ALA,1227,1291,1,1,9.53221838179634,98.4069079020996,1.9948089468182,0.000920787073964538,0,16.3459106588414,14.3511017120232
Climb 1.5x,Climb,1.5,RA-ALA,1227,1344,1,1,7.17532368028695,90.4416072325564,0.45656886390939,0,0,9.29871033228643,8.84214146837704
Climb 1.5x,Climb,1.5,RA-ALA,1227,1397,1,1,7.53791665506141,98.3504468082671,0.47328148838425,0.00297861981606538,0,9.80713437511037,9.33385288672612
Climb 1.5x,Climb,1.5,RA-ALA,1475,1539,1,1,6.07934254071172,70.4193239403963,0.900762349412162,0,0,9.36845728845151,8.46769493903934
Climb 1.5x,Climb,1.5,RA-ALA,1475,1592,1,1,5.54936213226354,67.453064073019,0.514368193296314,9.29445916241159e-05,0,7.65550502534388,7.14113683204756
Climb 1.5x,Climb,1.5,RA-ALA,1475,1645,1,1,5.48691657433538,68.548852607184,0.474819233009625,4.35582695166917e-05,0,7.48305029445263,7.008231061443
Climb 1.5x,Climb,1.5,RA-ALA,2312,2376,1,1,7.13428837184972,83.5127815640736,0.831286699072747,0,0,10.3240883154352,9.49280161636249
Climb 1.5x,Climb,1.5,RA-ALA,2312,2429,1,1,6.82926122596219,86.2738476448991,0.602978213674786,0.000703680393140862,0,9.36418140129212,8.76120318761733
Climb 1.5x,Climb,1.5,RA-ALA,2312,2482,1,1,8.17465829896202,95.5146012194315,0.97878673558453,0.0155481602478779,0,12.0624551183563,11.0836683827718
Climb 1.5x,Climb,1.5,RA-ALA,2560,2624,1,1,7.13924743449586,80.368124159768,1.13559087105626,0.00208278262074165,0,11.2365822418701,10.1009913708139
Climb 1.5x,Climb,1.5,RA-ALA,2560,2677,1,0,14.8446209670614,144.507342050458,3.39789061319217,0.0189461024153748,0.112216775100351,37.6536591912472,34.2557685780551
Climb 1.5x,Climb,1.5,RA-ALA,2560,2730,1,1,8.76081592781764,84.4974047748592,2.16155403716205,0.0124957019821948,0,16.0745800989162,13.9130260617542
Climb 1.5x,Climb,1.5,Energy-A*,483,NaN,1,1,7.3899305218494,90.3309860073339,0.445377793962028,0.574152118151938,0,15.2203433019826,14.7749655080206
Climb 1.5x,Climb,1.5,Energy-A*,638,NaN,1,0,7.51290258166744,91.9184021721214,0.440618933173671,0,1.58812792378808,168.413538444764,167.97291951159
Climb 1.5x,Climb,1.5,Energy-A*,855,NaN,1,1,7.00956783670042,84.7861235705395,0.444044203750937,0.00425923441662897,0,9.09084382187401,8.64679961812307
Climb 1.5x,Climb,1.5,Energy-A*,948,NaN,1,1,7.54937834441255,91.9236739676502,0.454952557844741,0,0,9.68026663434386,9.22531407649912
Climb 1.5x,Climb,1.5,Energy-A*,1041,NaN,1,0,7.08403294810438,86.037382694546,0.441646631261612,0.00885779480981272,3.28979428200548,338.193957179657,337.752310548395
Climb 1.5x,Climb,1.5,Energy-A*,1103,NaN,0,0,NaN,NaN,NaN,NaN,NaN,NaN,NaN
Climb 1.5x,Climb,1.5,Energy-A*,1227,NaN,1,1,7.66954577132874,94.0635830531745,0.445744425623543,0,0,9.79064224030916,9.34489781468561
Climb 1.5x,Climb,1.5,Energy-A*,1475,NaN,1,1,6.45020343104816,73.9322221880963,0.671278605592387,0,0,9.08014109939279,8.4088624938004
Climb 1.5x,Climb,1.5,Energy-A*,2312,NaN,1,1,7.19065472027393,86.8542273259752,0.448785444702423,0.243506936553431,0,11.695865647632,11.2470802029295
Climb 1.5x,Climb,1.5,Energy-A*,2560,NaN,1,0,7.11915795353601,86.1017946382157,0.464147717544105,0.103816683971556,0.166743106978164,26.9415935990188,26.4774458814747
Climb 1.5x,Climb,1.5,Informed-RRT*,483,569,1,0,8.33380265532389,88.0516493669614,1.58331662681967,0.847195883309103,4.00104394480474,422.393869594073,420.810552967253
Climb 1.5x,Climb,1.5,Informed-RRT*,483,622,1,0,8.16411088458937,88.9588123403382,1.31159675184838,1.30966089974306,10.0432588455004,1030.26271812377,1028.95112137192
Climb 1.5x,Climb,1.5,Informed-RRT*,483,675,1,0,8.62425511022709,88.8761601646126,1.76541397493521,1.26962565028556,9.45473316243918,972.830704449845,971.06529047491
Climb 1.5x,Climb,1.5,Informed-RRT*,638,724,0,0,NaN,NaN,NaN,NaN,NaN,NaN,NaN
Climb 1.5x,Climb,1.5,Informed-RRT*,638,777,0,0,NaN,NaN,NaN,NaN,NaN,NaN,NaN
Climb 1.5x,Climb,1.5,Informed-RRT*,638,830,0,0,NaN,NaN,NaN,NaN,NaN,NaN,NaN
Climb 1.5x,Climb,1.5,Informed-RRT*,855,941,1,1,8.96193621575657,90.8177975482536,1.99319572870031,0.312231792719147,0,18.8206563086178,16.8274605799174
Climb 1.5x,Climb,1.5,Informed-RRT*,855,994,1,0,8.81376330759704,92.204879554606,1.77065867689201,0.404967130754288,0.868740274896799,105.817812131784,104.047153454892
Climb 1.5x,Climb,1.5,Informed-RRT*,855,1047,1,0,7.77140470869576,84.274968554858,1.28168920714492,0.0116463684252252,0.250000000000002,37.4352274190068,36.1535382118618
Climb 1.5x,Climb,1.5,Informed-RRT*,948,1034,1,0,9.1221413374736,95.7503227937804,1.7956386147934,0.0322233904782205,0.322999581064098,47.9291685496606,46.1335299348672
Climb 1.5x,Climb,1.5,Informed-RRT*,948,1087,1,1,9.10774866406403,92.196017133568,2.00314665386811,0.00397873991018449,0,15.9252761675499,13.9221295136818
Climb 1.5x,Climb,1.5,Informed-RRT*,948,1140,1,0,7.73522476868856,87.8613461724552,1.06296841349843,0.0111446591461261,0.444444444444445,56.2121989298601,55.1492305163616
Climb 1.5x,Climb,1.5,Informed-RRT*,1041,1127,0,0,NaN,NaN,NaN,NaN,NaN,NaN,NaN
Climb 1.5x,Climb,1.5,Informed-RRT*,1041,1180,0,0,NaN,NaN,NaN,NaN,NaN,NaN,NaN
Climb 1.5x,Climb,1.5,Informed-RRT*,1041,1233,0,0,NaN,NaN,NaN,NaN,NaN,NaN,NaN
Climb 1.5x,Climb,1.5,Informed-RRT*,1103,1189,1,1,7.3806904562533,73.0011434702517,1.70963516712409,0.00811657843477341,0,13.1991046042254,11.4894694371013
Climb 1.5x,Climb,1.5,Informed-RRT*,1103,1242,1,0,7.29187649558715,75.193701974023,1.51052877514889,0.466726288075901,4.10811704755824,427.929044640734,426.418515865585
Climb 1.5x,Climb,1.5,Informed-RRT*,1103,1295,1,0,7.81850771797329,74.015911345428,2.01576828215173,0.0269911591124456,0.3875,53.5025234167648,51.4867551346131
Climb 1.5x,Climb,1.5,Informed-RRT*,1227,1313,1,1,9.06007221258049,99.1690009967276,1.58223970952049,0.00629964778845476,0,14.6961961606659,13.1139564511454
Climb 1.5x,Climb,1.5,Informed-RRT*,1227,1366,1,1,9.27794548330734,94.7658175433163,1.94015019167669,0,0,15.8881112045317,13.947961012855
Climb 1.5x,Climb,1.5,Informed-RRT*,1227,1419,1,0,8.98332974707555,96.0792944077886,1.70408130318776,0.0216969161787786,0.512499999999999,66.3632036051581,64.6591223019703
Climb 1.5x,Climb,1.5,Informed-RRT*,1475,1561,1,1,8.58633663030838,76.604638747367,2.4619728220526,5.10100205289911e-05,0,16.6111371862328,14.1491643641803
Climb 1.5x,Climb,1.5,Informed-RRT*,1475,1614,1,1,10.1743607415633,80.987381897487,3.29557697213772,0.0015167429560572,0,20.7511539366827,17.455576964545
Climb 1.5x,Climb,1.5,Informed-RRT*,1475,1667,1,1,7.682511072812,72.0306593393407,1.95287309669059,0,0,14.1413858573783,12.1885127606877
Climb 1.5x,Climb,1.5,Informed-RRT*,2312,2398,1,1,7.97613185911534,84.0683756715136,1.49986329510263,0.029191104535821,0,13.468202587044,11.9683392919414
Climb 1.5x,Climb,1.5,Informed-RRT*,2312,2451,1,0,6.86048906480197,80.7435180222296,0.796775603351078,0.103462532243691,1.55171830367044,166.130134214521,165.33335861117
Climb 1.5x,Climb,1.5,Informed-RRT*,2312,2504,1,0,7.86011723591314,84.4473616114031,1.4476470457669,0.0206726012753423,0.205128205128205,33.6263329122161,32.1786858664492
Climb 1.5x,Climb,1.5,Informed-RRT*,2560,2646,0,0,NaN,NaN,NaN,NaN,NaN,NaN,NaN
Climb 1.5x,Climb,1.5,Informed-RRT*,2560,2699,0,0,NaN,NaN,NaN,NaN,NaN,NaN,NaN
Climb 1.5x,Climb,1.5,Informed-RRT*,2560,2752,0,0,NaN,NaN,NaN,NaN,NaN,NaN,NaN
Climb 1.5x,Climb,1.5,ST-EA*,483,NaN,0,0,NaN,NaN,NaN,NaN,NaN,NaN,NaN
Climb 1.5x,Climb,1.5,ST-EA*,638,NaN,0,0,NaN,NaN,NaN,NaN,NaN,NaN,NaN
Climb 1.5x,Climb,1.5,ST-EA*,855,NaN,1,1,7.01149682212551,84.813616011421,0.444044203750937,0.000801910435055419,0,9.05842867115739,8.61438446740645
Climb 1.5x,Climb,1.5,ST-EA*,948,NaN,1,1,7.08295012393281,86.2608585888592,0.454952557844741,0,0,9.16664828570753,8.71169572786279
Climb 1.5x,Climb,1.5,ST-EA*,1041,NaN,0,0,NaN,NaN,NaN,NaN,NaN,NaN,NaN
Climb 1.5x,Climb,1.5,ST-EA*,1103,NaN,1,1,6.13704758784093,72.9672940789404,0.44152631500133,0.00129174375233382,0,8.08260475435943,7.6410784393581
Climb 1.5x,Climb,1.5,ST-EA*,1227,NaN,1,1,7.39430193936274,90.6757607813788,0.445744425623543,0,0,9.4871665560782,9.04142213045465
Climb 1.5x,Climb,1.5,ST-EA*,1475,NaN,1,1,5.92553046054186,70.4744448646391,0.463985095751033,0,0,7.90477278833362,7.44078769258259
Climb 1.5x,Climb,1.5,ST-EA*,2312,NaN,1,1,6.91453295079993,83.2592215008807,0.448785444702423,0.00476439197245223,0,9.0023600504724,8.55357460576997
Climb 1.5x,Climb,1.5,ST-EA*,2560,NaN,0,0,NaN,NaN,NaN,NaN,NaN,NaN,NaN
Climb 1.5x,Climb,1.5,Greedy,483,NaN,1,0,23.9668152302,126.9642022834,7.93932212139834,0.446043297320618,32.7913140412865,3332.43465371528,3324.49533159388
Climb 1.5x,Climb,1.5,Greedy,638,NaN,1,0,14.1200031631725,106.18125566271,3.96448525192097,0.00225087882376103,20.4493528062792,2071.85609213229,2067.89160688037
Climb 1.5x,Climb,1.5,Greedy,855,NaN,1,0,21.6351820816271,118.179761266437,6.78785810564997,0.0195057042008336,31.4527723337997,3188.45587816444,3181.66802005879
Climb 1.5x,Climb,1.5,Greedy,948,NaN,1,0,24.4604079415675,134.184256144743,9.05936586639536,0.022199046660636,19.4396008400659,1996.93878214849,1987.87941628209
Climb 1.5x,Climb,1.5,Greedy,1041,NaN,1,0,19.6841141999795,115.808055058269,6.08870637728634,0.105485293242968,39.7490046130998,4014.87061469973,4008.78190832245
Climb 1.5x,Climb,1.5,Greedy,1103,NaN,1,0,50.4486519824274,337.672632504886,10.3755752802698,1.71818470045589,129.340140702427,13035.5852336747,13025.2096583944
Climb 1.5x,Climb,1.5,Greedy,1227,NaN,1,0,25.1523511595048,133.337728081013,8.65290985223017,0.0945456636301691,25.1863032396396,2571.79800905047,2563.14509919824
Climb 1.5x,Climb,1.5,Greedy,1475,NaN,1,0,53.2875017067135,157.36276436244,16.4738525606885,0.0641104359216525,90.9657303720952,9201.2345573272,9184.76070476651
Climb 1.5x,Climb,1.5,Greedy,2312,NaN,1,0,46.3484685778601,152.372798904267,13.6390420451458,0.331743364520424,81.6463882818016,8256.49162986287,8242.85258781772
Climb 1.5x,Climb,1.5,Greedy,2560,NaN,1,0,23.827976495935,124.315226768741,7.94556717861246,0.158643087138468,20.8102698022928,2131.31404935551,2123.36848217689
Risk 0.5x,Risk,0.5,RA-ALA,483,547,1,1,8.15383604693111,100.076807823234,0.704259938927398,0.0538581536037746,0,10.6656200913317,10.9349108593506
Risk 0.5x,Risk,0.5,RA-ALA,483,600,1,1,10.2101142994544,114.746500703153,1.23538478999675,0.057097753708506,0,13.9225934871834,14.2080822557259
Risk 0.5x,Risk,0.5,RA-ALA,483,653,1,1,8.37556242093647,99.9873343046541,1.01146715337534,0.0350967733224698,0,11.4072083801716,11.582692246784
Risk 0.5x,Risk,0.5,RA-ALA,638,702,1,0,8.23397536500022,97.8205988004526,0.75701166246113,0.00904236212027807,1.40581453545686,151.18983570288,151.235047513482
Risk 0.5x,Risk,0.5,RA-ALA,638,755,1,0,7.02677102508788,91.7284720419171,0.474283540416426,0,0.00731132783877769,9.47087482348114,9.47087482348114
Risk 0.5x,Risk,0.5,RA-ALA,638,808,1,0,8.18729613111483,96.0898794880488,1.42969974096802,0.0117410121574056,0.00672470906483107,12.5786205760547,12.6373256368418
Risk 0.5x,Risk,0.5,RA-ALA,855,919,1,1,10.4688215699344,109.778947290673,2.00086905054339,0.0149783377903816,0,15.4602759207287,15.5351676096806
Risk 0.5x,Risk,0.5,RA-ALA,855,972,1,1,6.46161315814858,85.6703971184415,0.0462568768313119,0,0,7.26804688779822,7.26804688779822
Risk 0.5x,Risk,0.5,RA-ALA,855,1025,1,1,8.42830672182967,95.3962387352999,1.07621052646887,0.000632490601668396,0,11.3788588839033,11.3820213369116
Risk 0.5x,Risk,0.5,RA-ALA,948,1012,1,1,6.71512535054084,86.5737965397211,0.360644721777344,4.36686298008747e-05,0,8.15808144174221,8.15829978489121
Risk 0.5x,Risk,0.5,RA-ALA,948,1065,1,1,6.8562078496853,87.0212696096227,0.372091825736634,0.00342566853403561,0,8.3426970905756,8.35982543324578
Risk 0.5x,Risk,0.5,RA-ALA,948,1118,1,1,7.25548039279388,88.8059320718881,0.631208807328431,0.0019556928595471,0,9.26772590568088,9.27750436997862
Risk 0.5x,Risk,0.5,RA-ALA,1041,1105,1,1,8.59263336384759,96.3632050301627,1.1194258916925,8.65873129914025e-05,0,11.6349447923822,11.6353777289472
Risk 0.5x,Risk,0.5,RA-ALA,1041,1158,1,0,13.1048079297605,144.089631499926,2.00977813103307,0.0174057276582073,0.869523440304532,105.364483789737,105.451512428028
Risk 0.5x,Risk,0.5,RA-ALA,1041,1211,1,0,9.69148667919162,114.011664307467,1.28114107797731,0,0.869714132321639,100.175279269872,100.175279269872
Risk 0.5x,Risk,0.5,RA-ALA,1103,1167,1,1,5.784049788273,70.5129852525987,0.494738189502689,0.0131083945624939,0,7.42667635052917,7.49221832334164
Risk 0.5x,Risk,0.5,RA-ALA,1103,1220,1,1,5.56895781893055,70.7514205904272,0.467809109408127,0.00432118696897065,0,7.11577714417855,7.13738307902341
Risk 0.5x,Risk,0.5,RA-ALA,1103,1273,1,1,6.11752407208882,70.5552404653062,0.805287200974742,0.0125026821805292,0,8.37857222215183,8.44108563305448
Risk 0.5x,Risk,0.5,RA-ALA,1227,1291,1,1,9.53221838179634,98.4069079020996,1.9948089468182,0.000920787073964538,0,14.3464977766534,14.3511017120232
Risk 0.5x,Risk,0.5,RA-ALA,1227,1344,1,1,7.17532368028695,90.4416072325564,0.45656886390939,0,0,8.84214146837704,8.84214146837704
Risk 0.5x,Risk,0.5,RA-ALA,1227,1397,1,1,7.53791665506141,98.3504468082671,0.47328148838425,0.00297861981606538,0,9.3189597876458,9.33385288672612
Risk 0.5x,Risk,0.5,RA-ALA,1475,1539,1,1,6.07934254071172,70.4193239403963,0.900762349412162,0,0,8.46769493903934,8.46769493903934
Risk 0.5x,Risk,0.5,RA-ALA,1475,1592,1,1,5.54936213226354,67.453064073019,0.514368193296314,9.29445916241159e-05,0,7.14067210908944,7.14113683204756
Risk 0.5x,Risk,0.5,RA-ALA,1475,1645,1,1,5.48691657433538,68.548852607184,0.474819233009625,4.35582695166917e-05,0,7.00801327009542,7.008231061443
Risk 0.5x,Risk,0.5,RA-ALA,2312,2376,1,1,7.13428837184972,83.5127815640736,0.831286699072747,0,0,9.49280161636249,9.49280161636249
Risk 0.5x,Risk,0.5,RA-ALA,2312,2429,1,1,6.82926122596219,86.2738476448991,0.602978213674786,0.000703680393140862,0,8.75768478565163,8.76120318761733
Risk 0.5x,Risk,0.5,RA-ALA,2312,2482,1,1,8.17465829896202,95.5146012194315,0.97878673558453,0.0155481602478779,0,11.0059275815324,11.0836683827718
Risk 0.5x,Risk,0.5,RA-ALA,2560,2624,1,1,7.13924743449586,80.368124159768,1.13559087105626,0.00208278262074165,0,10.0905774577102,10.1009913708139
Risk 0.5x,Risk,0.5,RA-ALA,2560,2677,1,0,14.8446209670614,144.507342050458,3.39789061319217,0.0189461024153748,0.112216775100351,34.1610380659782,34.2557685780551
Risk 0.5x,Risk,0.5,RA-ALA,2560,2730,1,1,8.76081592781764,84.4974047748592,2.16155403716205,0.0124957019821948,0,13.8505475518432,13.9130260617542
Risk 0.5x,Risk,0.5,Energy-A*,483,NaN,1,1,7.3899305218494,90.3309860073339,0.445377793962028,0.574152118151938,0,11.9042049172609,14.7749655080206
Risk 0.5x,Risk,0.5,Energy-A*,638,NaN,1,0,7.51290258166744,91.9184021721214,0.440618933173671,0,1.58812792378808,167.97291951159,167.97291951159
Risk 0.5x,Risk,0.5,Energy-A*,855,NaN,1,1,7.00956783670042,84.7861235705395,0.444044203750937,0.00425923441662897,0,8.62550344603993,8.64679961812307
Risk 0.5x,Risk,0.5,Energy-A*,948,NaN,1,1,7.54937834441255,91.9236739676502,0.454952557844741,0,0,9.22531407649912,9.22531407649912
Risk 0.5x,Risk,0.5,Energy-A*,1041,NaN,1,0,7.08403294810438,86.037382694546,0.441646631261612,0.00885779480981272,3.28979428200548,337.708021574346,337.752310548395
Risk 0.5x,Risk,0.5,Energy-A*,1103,NaN,0,0,NaN,NaN,NaN,NaN,NaN,NaN,NaN
Risk 0.5x,Risk,0.5,Energy-A*,1227,NaN,1,1,7.66954577132874,94.0635830531745,0.445744425623543,0,0,9.34489781468561,9.34489781468561
Risk 0.5x,Risk,0.5,Energy-A*,1475,NaN,1,1,6.45020343104816,73.9322221880963,0.671278605592387,0,0,8.4088624938004,8.4088624938004
Risk 0.5x,Risk,0.5,Energy-A*,2312,NaN,1,1,7.19065472027393,86.8542273259752,0.448785444702423,0.243506936553431,0,10.0295455201624,11.2470802029295
Risk 0.5x,Risk,0.5,Energy-A*,2560,NaN,1,0,7.11915795353601,86.1017946382157,0.464147717544105,0.103816683971556,0.166743106978164,25.9583624616169,26.4774458814747
Risk 0.5x,Risk,0.5,Informed-RRT*,483,569,1,0,8.33380265532389,88.0516493669614,1.58331662681967,0.847195883309103,4.00104394480474,416.574573550708,420.810552967253
Risk 0.5x,Risk,0.5,Informed-RRT*,483,622,1,0,8.16411088458937,88.9588123403382,1.31159675184838,1.30966089974306,10.0432588455004,1022.40281687321,1028.95112137192
Risk 0.5x,Risk,0.5,Informed-RRT*,483,675,1,0,8.62425511022709,88.8761601646126,1.76541397493521,1.26962565028556,9.45473316243918,964.717162223482,971.06529047491
Risk 0.5x,Risk,0.5,Informed-RRT*,638,724,0,0,NaN,NaN,NaN,NaN,NaN,NaN,NaN
Risk 0.5x,Risk,0.5,Informed-RRT*,638,777,0,0,NaN,NaN,NaN,NaN,NaN,NaN,NaN
Risk 0.5x,Risk,0.5,Informed-RRT*,638,830,0,0,NaN,NaN,NaN,NaN,NaN,NaN,NaN
Risk 0.5x,Risk,0.5,Informed-RRT*,855,941,1,1,8.96193621575657,90.8177975482536,1.99319572870031,0.312231792719147,0,15.2663016163217,16.8274605799174
Risk 0.5x,Risk,0.5,Informed-RRT*,855,994,1,0,8.81376330759704,92.204879554606,1.77065867689201,0.404967130754288,0.868740274896799,102.022317801121,104.047153454892
Risk 0.5x,Risk,0.5,Informed-RRT*,855,1047,1,0,7.77140470869576,84.274968554858,1.28168920714492,0.0116463684252252,0.250000000000002,36.0953063697357,36.1535382118618
Risk 0.5x,Risk,0.5,Informed-RRT*,948,1034,1,0,9.1221413374736,95.7503227937804,1.7956386147934,0.0322233904782205,0.322999581064098,45.9724129824761,46.1335299348672
Risk 0.5x,Risk,0.5,Informed-RRT*,948,1087,1,1,9.10774866406403,92.196017133568,2.00314665386811,0.00397873991018449,0,13.9022358141309,13.9221295136818
Risk 0.5x,Risk,0.5,Informed-RRT*,948,1140,1,0,7.73522476868856,87.8613461724552,1.06296841349843,0.0111446591461261,0.444444444444445,55.093507220631,55.1492305163616
Risk 0.5x,Risk,0.5,Informed-RRT*,1041,1127,0,0,NaN,NaN,NaN,NaN,NaN,NaN,NaN
Risk 0.5x,Risk,0.5,Informed-RRT*,1041,1180,0,0,NaN,NaN,NaN,NaN,NaN,NaN,NaN
Risk 0.5x,Risk,0.5,Informed-RRT*,1041,1233,0,0,NaN,NaN,NaN,NaN,NaN,NaN,NaN
Risk 0.5x,Risk,0.5,Informed-RRT*,1103,1189,1,1,7.3806904562533,73.0011434702517,1.70963516712409,0.00811657843477341,0,11.4488865449275,11.4894694371013
Risk 0.5x,Risk,0.5,Informed-RRT*,1103,1242,1,0,7.29187649558715,75.193701974023,1.51052877514889,0.466726288075901,4.10811704755824,424.084884425206,426.418515865585
Risk 0.5x,Risk,0.5,Informed-RRT*,1103,1295,1,0,7.81850771797329,74.015911345428,2.01576828215173,0.0269911591124456,0.3875,51.3517993390508,51.4867551346131
Risk 0.5x,Risk,0.5,Informed-RRT*,1227,1313,1,1,9.06007221258049,99.1690009967276,1.58223970952049,0.00629964778845476,0,13.0824582122031,13.1139564511454
Risk 0.5x,Risk,0.5,Informed-RRT*,1227,1366,1,1,9.27794548330734,94.7658175433163,1.94015019167669,0,0,13.947961012855,13.947961012855
Risk 0.5x,Risk,0.5,Informed-RRT*,1227,1419,1,0,8.98332974707555,96.0792944077886,1.70408130318776,0.0216969161787786,0.512499999999999,64.5506377210764,64.6591223019703
Risk 0.5x,Risk,0.5,Informed-RRT*,1475,1561,1,1,8.58633663030838,76.604638747367,2.4619728220526,5.10100205289911e-05,0,14.1489093140776,14.1491643641803
Risk 0.5x,Risk,0.5,Informed-RRT*,1475,1614,1,1,10.1743607415633,80.987381897487,3.29557697213772,0.0015167429560572,0,17.4479932497647,17.455576964545
Risk 0.5x,Risk,0.5,Informed-RRT*,1475,1667,1,1,7.682511072812,72.0306593393407,1.95287309669059,0,0,12.1885127606877,12.1885127606877
Risk 0.5x,Risk,0.5,Informed-RRT*,2312,2398,1,1,7.97613185911534,84.0683756715136,1.49986329510263,0.029191104535821,0,11.8223837692623,11.9683392919414
Risk 0.5x,Risk,0.5,Informed-RRT*,2312,2451,1,0,6.86048906480197,80.7435180222296,0.796775603351078,0.103462532243691,1.55171830367044,164.816045949952,165.33335861117
Risk 0.5x,Risk,0.5,Informed-RRT*,2312,2504,1,0,7.86011723591314,84.4473616114031,1.4476470457669,0.0206726012753423,0.205128205128205,32.0753228600725,32.1786858664492
Risk 0.5x,Risk,0.5,Informed-RRT*,2560,2646,0,0,NaN,NaN,NaN,NaN,NaN,NaN,NaN
Risk 0.5x,Risk,0.5,Informed-RRT*,2560,2699,0,0,NaN,NaN,NaN,NaN,NaN,NaN,NaN
Risk 0.5x,Risk,0.5,Informed-RRT*,2560,2752,0,0,NaN,NaN,NaN,NaN,NaN,NaN,NaN
Risk 0.5x,Risk,0.5,ST-EA*,483,NaN,0,0,NaN,NaN,NaN,NaN,NaN,NaN,NaN
Risk 0.5x,Risk,0.5,ST-EA*,638,NaN,0,0,NaN,NaN,NaN,NaN,NaN,NaN,NaN
Risk 0.5x,Risk,0.5,ST-EA*,855,NaN,1,1,7.01149682212551,84.813616011421,0.444044203750937,0.000801910435055419,0,8.61037491523117,8.61438446740645
Risk 0.5x,Risk,0.5,ST-EA*,948,NaN,1,1,7.08295012393281,86.2608585888592,0.454952557844741,0,0,8.71169572786279,8.71169572786279
Risk 0.5x,Risk,0.5,ST-EA*,1041,NaN,0,0,NaN,NaN,NaN,NaN,NaN,NaN,NaN
Risk 0.5x,Risk,0.5,ST-EA*,1103,NaN,1,1,6.13704758784093,72.9672940789404,0.44152631500133,0.00129174375233382,0,7.63461972059643,7.6410784393581
Risk 0.5x,Risk,0.5,ST-EA*,1227,NaN,1,1,7.39430193936274,90.6757607813788,0.445744425623543,0,0,9.04142213045465,9.04142213045465
Risk 0.5x,Risk,0.5,ST-EA*,1475,NaN,1,1,5.92553046054186,70.4744448646391,0.463985095751033,0,0,7.44078769258259,7.44078769258259
Risk 0.5x,Risk,0.5,ST-EA*,2312,NaN,1,1,6.91453295079993,83.2592215008807,0.448785444702423,0.00476439197245223,0,8.52975264590771,8.55357460576997
Risk 0.5x,Risk,0.5,ST-EA*,2560,NaN,0,0,NaN,NaN,NaN,NaN,NaN,NaN,NaN
Risk 0.5x,Risk,0.5,Greedy,483,NaN,1,0,23.9668152302,126.9642022834,7.93932212139834,0.446043297320618,32.7913140412865,3322.26511510728,3324.49533159388
Risk 0.5x,Risk,0.5,Greedy,638,NaN,1,0,14.1200031631725,106.18125566271,3.96448525192097,0.00225087882376103,20.4493528062792,2067.88035248625,2067.89160688037
Risk 0.5x,Risk,0.5,Greedy,855,NaN,1,0,21.6351820816271,118.179761266437,6.78785810564997,0.0195057042008336,31.4527723337997,3181.57049153779,3181.66802005879
Risk 0.5x,Risk,0.5,Greedy,948,NaN,1,0,24.4604079415675,134.184256144743,9.05936586639536,0.022199046660636,19.4396008400659,1987.76842104879,1987.87941628209
Risk 0.5x,Risk,0.5,Greedy,1041,NaN,1,0,19.6841141999795,115.808055058269,6.08870637728634,0.105485293242968,39.7490046130998,4008.25448185623,4008.78190832245
Risk 0.5x,Risk,0.5,Greedy,1103,NaN,1,0,50.4486519824274,337.672632504886,10.3755752802698,1.71818470045589,129.340140702427,13016.6187348922,13025.2096583944
Risk 0.5x,Risk,0.5,Greedy,1227,NaN,1,0,25.1523511595048,133.337728081013,8.65290985223017,0.0945456636301691,25.1863032396396,2562.67237088009,2563.14509919824
Risk 0.5x,Risk,0.5,Greedy,1475,NaN,1,0,53.2875017067135,157.36276436244,16.4738525606885,0.0641104359216525,90.9657303720952,9184.4401525869,9184.76070476651
Risk 0.5x,Risk,0.5,Greedy,2312,NaN,1,0,46.3484685778601,152.372798904267,13.6390420451458,0.331743364520424,81.6463882818016,8241.19387099512,8242.85258781772
Risk 0.5x,Risk,0.5,Greedy,2560,NaN,1,0,23.827976495935,124.315226768741,7.94556717861246,0.158643087138468,20.8102698022928,2122.5752667412,2123.36848217689
Risk 1.5x,Risk,1.5,RA-ALA,483,547,1,1,8.15383604693111,100.076807823234,0.704259938927398,0.0538581536037746,0,11.2042016273695,10.9349108593506
Risk 1.5x,Risk,1.5,RA-ALA,483,600,1,1,10.2101142994544,114.746500703153,1.23538478999675,0.057097753708506,0,14.4935710242684,14.2080822557259
Risk 1.5x,Risk,1.5,RA-ALA,483,653,1,1,8.37556242093647,99.9873343046541,1.01146715337534,0.0350967733224698,0,11.7581761133963,11.582692246784
Risk 1.5x,Risk,1.5,RA-ALA,638,702,1,0,8.23397536500022,97.8205988004526,0.75701166246113,0.00904236212027807,1.40581453545686,151.280259324083,151.235047513482
Risk 1.5x,Risk,1.5,RA-ALA,638,755,1,0,7.02677102508788,91.7284720419171,0.474283540416426,0,0.00731132783877769,9.47087482348114,9.47087482348114
Risk 1.5x,Risk,1.5,RA-ALA,638,808,1,0,8.18729613111483,96.0898794880488,1.42969974096802,0.0117410121574056,0.00672470906483107,12.6960306976288,12.6373256368418
Risk 1.5x,Risk,1.5,RA-ALA,855,919,1,1,10.4688215699344,109.778947290673,2.00086905054339,0.0149783377903816,0,15.6100592986325,15.5351676096806
Risk 1.5x,Risk,1.5,RA-ALA,855,972,1,1,6.46161315814858,85.6703971184415,0.0462568768313119,0,0,7.26804688779822,7.26804688779822
Risk 1.5x,Risk,1.5,RA-ALA,855,1025,1,1,8.42830672182967,95.3962387352999,1.07621052646887,0.000632490601668396,0,11.3851837899199,11.3820213369116
Risk 1.5x,Risk,1.5,RA-ALA,948,1012,1,1,6.71512535054084,86.5737965397211,0.360644721777344,4.36686298008747e-05,0,8.15851812804022,8.15829978489121
Risk 1.5x,Risk,1.5,RA-ALA,948,1065,1,1,6.8562078496853,87.0212696096227,0.372091825736634,0.00342566853403561,0,8.37695377591596,8.35982543324578
Risk 1.5x,Risk,1.5,RA-ALA,948,1118,1,1,7.25548039279388,88.8059320718881,0.631208807328431,0.0019556928595471,0,9.28728283427635,9.27750436997862
Risk 1.5x,Risk,1.5,RA-ALA,1041,1105,1,1,8.59263336384759,96.3632050301627,1.1194258916925,8.65873129914025e-05,0,11.6358106655121,11.6353777289472
Risk 1.5x,Risk,1.5,RA-ALA,1041,1158,1,0,13.1048079297605,144.089631499926,2.00977813103307,0.0174057276582073,0.869523440304532,105.538541066319,105.451512428028
Risk 1.5x,Risk,1.5,RA-ALA,1041,1211,1,0,9.69148667919162,114.011664307467,1.28114107797731,0,0.869714132321639,100.175279269872,100.175279269872
Risk 1.5x,Risk,1.5,RA-ALA,1103,1167,1,1,5.784049788273,70.5129852525987,0.494738189502689,0.0131083945624939,0,7.55776029615411,7.49221832334164
Risk 1.5x,Risk,1.5,RA-ALA,1103,1220,1,1,5.56895781893055,70.7514205904272,0.467809109408127,0.00432118696897065,0,7.15898901386826,7.13738307902341
Risk 1.5x,Risk,1.5,RA-ALA,1103,1273,1,1,6.11752407208882,70.5552404653062,0.805287200974742,0.0125026821805292,0,8.50359904395712,8.44108563305448
Risk 1.5x,Risk,1.5,RA-ALA,1227,1291,1,1,9.53221838179634,98.4069079020996,1.9948089468182,0.000920787073964538,0,14.355705647393,14.3511017120232
Risk 1.5x,Risk,1.5,RA-ALA,1227,1344,1,1,7.17532368028695,90.4416072325564,0.45656886390939,0,0,8.84214146837704,8.84214146837704
Risk 1.5x,Risk,1.5,RA-ALA,1227,1397,1,1,7.53791665506141,98.3504468082671,0.47328148838425,0.00297861981606538,0,9.34874598580645,9.33385288672612
Risk 1.5x,Risk,1.5,RA-ALA,1475,1539,1,1,6.07934254071172,70.4193239403963,0.900762349412162,0,0,8.46769493903934,8.46769493903934
Risk 1.5x,Risk,1.5,RA-ALA,1475,1592,1,1,5.54936213226354,67.453064073019,0.514368193296314,9.29445916241159e-05,0,7.14160155500569,7.14113683204756
Risk 1.5x,Risk,1.5,RA-ALA,1475,1645,1,1,5.48691657433538,68.548852607184,0.474819233009625,4.35582695166917e-05,0,7.00844885279058,7.008231061443
Risk 1.5x,Risk,1.5,RA-ALA,2312,2376,1,1,7.13428837184972,83.5127815640736,0.831286699072747,0,0,9.49280161636249,9.49280161636249
Risk 1.5x,Risk,1.5,RA-ALA,2312,2429,1,1,6.82926122596219,86.2738476448991,0.602978213674786,0.000703680393140862,0,8.76472158958304,8.76120318761733
Risk 1.5x,Risk,1.5,RA-ALA,2312,2482,1,1,8.17465829896202,95.5146012194315,0.97878673558453,0.0155481602478779,0,11.1614091840112,11.0836683827718
Risk 1.5x,Risk,1.5,RA-ALA,2560,2624,1,1,7.13924743449586,80.368124159768,1.13559087105626,0.00208278262074165,0,10.1114052839176,10.1009913708139
Risk 1.5x,Risk,1.5,RA-ALA,2560,2677,1,0,14.8446209670614,144.507342050458,3.39789061319217,0.0189461024153748,0.112216775100351,34.3504990901319,34.2557685780551
Risk 1.5x,Risk,1.5,RA-ALA,2560,2730,1,1,8.76081592781764,84.4974047748592,2.16155403716205,0.0124957019821948,0,13.9755045716652,13.9130260617542
Risk 1.5x,Risk,1.5,Energy-A*,483,NaN,1,1,7.3899305218494,90.3309860073339,0.445377793962028,0.574152118151938,0,17.6457260987803,14.7749655080206
Risk 1.5x,Risk,1.5,Energy-A*,638,NaN,1,0,7.51290258166744,91.9184021721214,0.440618933173671,0,1.58812792378808,167.97291951159,167.97291951159
Risk 1.5x,Risk,1.5,Energy-A*,855,NaN,1,1,7.00956783670042,84.7861235705395,0.444044203750937,0.00425923441662897,0,8.66809579020622,8.64679961812307
Risk 1.5x,Risk,1.5,Energy-A*,948,NaN,1,1,7.54937834441255,91.9236739676502,0.454952557844741,0,0,9.22531407649912,9.22531407649912
Risk 1.5x,Risk,1.5,Energy-A*,1041,NaN,1,0,7.08403294810438,86.037382694546,0.441646631261612,0.00885779480981272,3.28979428200548,337.796599522444,337.752310548395
Risk 1.5x,Risk,1.5,Energy-A*,1103,NaN,0,0,NaN,NaN,NaN,NaN,NaN,NaN,NaN
Risk 1.5x,Risk,1.5,Energy-A*,1227,NaN,1,1,7.66954577132874,94.0635830531745,0.445744425623543,0,0,9.34489781468561,9.34489781468561
Risk 1.5x,Risk,1.5,Energy-A*,1475,NaN,1,1,6.45020343104816,73.9322221880963,0.671278605592387,0,0,8.4088624938004,8.4088624938004
Risk 1.5x,Risk,1.5,Energy-A*,2312,NaN,1,1,7.19065472027393,86.8542273259752,0.448785444702423,0.243506936553431,0,12.4646148856967,11.2470802029295
Risk 1.5x,Risk,1.5,Energy-A*,2560,NaN,1,0,7.11915795353601,86.1017946382157,0.464147717544105,0.103816683971556,0.166743106978164,26.9965293013325,26.4774458814747
Risk 1.5x,Risk,1.5,Informed-RRT*,483,569,1,0,8.33380265532389,88.0516493669614,1.58331662681967,0.847195883309103,4.00104394480474,425.046532383799,420.810552967253
Risk 1.5x,Risk,1.5,Informed-RRT*,483,622,1,0,8.16411088458937,88.9588123403382,1.31159675184838,1.30966089974306,10.0432588455004,1035.49942587064,1028.95112137192
Risk 1.5x,Risk,1.5,Informed-RRT*,483,675,1,0,8.62425511022709,88.8761601646126,1.76541397493521,1.26962565028556,9.45473316243918,977.413418726338,971.06529047491
Risk 1.5x,Risk,1.5,Informed-RRT*,638,724,0,0,NaN,NaN,NaN,NaN,NaN,NaN,NaN
Risk 1.5x,Risk,1.5,Informed-RRT*,638,777,0,0,NaN,NaN,NaN,NaN,NaN,NaN,NaN
Risk 1.5x,Risk,1.5,Informed-RRT*,638,830,0,0,NaN,NaN,NaN,NaN,NaN,NaN,NaN
Risk 1.5x,Risk,1.5,Informed-RRT*,855,941,1,1,8.96193621575657,90.8177975482536,1.99319572870031,0.312231792719147,0,18.3886195435132,16.8274605799174
Risk 1.5x,Risk,1.5,Informed-RRT*,855,994,1,0,8.81376330759704,92.204879554606,1.77065867689201,0.404967130754288,0.868740274896799,106.071989108664,104.047153454892
Risk 1.5x,Risk,1.5,Informed-RRT*,855,1047,1,0,7.77140470869576,84.274968554858,1.28168920714492,0.0116463684252252,0.250000000000002,36.211770053988,36.1535382118618
Risk 1.5x,Risk,1.5,Informed-RRT*,948,1034,1,0,9.1221413374736,95.7503227937804,1.7956386147934,0.0322233904782205,0.322999581064098,46.2946468872583,46.1335299348672
Risk 1.5x,Risk,1.5,Informed-RRT*,948,1087,1,1,9.10774866406403,92.196017133568,2.00314665386811,0.00397873991018449,0,13.9420232132327,13.9221295136818
Risk 1.5x,Risk,1.5,Informed-RRT*,948,1140,1,0,7.73522476868856,87.8613461724552,1.06296841349843,0.0111446591461261,0.444444444444445,55.2049538120922,55.1492305163616
Risk 1.5x,Risk,1.5,Informed-RRT*,1041,1127,0,0,NaN,NaN,NaN,NaN,NaN,NaN,NaN
Risk 1.5x,Risk,1.5,Informed-RRT*,1041,1180,0,0,NaN,NaN,NaN,NaN,NaN,NaN,NaN
Risk 1.5x,Risk,1.5,Informed-RRT*,1041,1233,0,0,NaN,NaN,NaN,NaN,NaN,NaN,NaN
Risk 1.5x,Risk,1.5,Informed-RRT*,1103,1189,1,1,7.3806904562533,73.0011434702517,1.70963516712409,0.00811657843477341,0,11.5300523292752,11.4894694371013
Risk 1.5x,Risk,1.5,Informed-RRT*,1103,1242,1,0,7.29187649558715,75.193701974023,1.51052877514889,0.466726288075901,4.10811704755824,428.752147305965,426.418515865585
Risk 1.5x,Risk,1.5,Informed-RRT*,1103,1295,1,0,7.81850771797329,74.015911345428,2.01576828215173,0.0269911591124456,0.3875,51.6217109301753,51.4867551346131
Risk 1.5x,Risk,1.5,Informed-RRT*,1227,1313,1,1,9.06007221258049,99.1690009967276,1.58223970952049,0.00629964778845476,0,13.1454546900877,13.1139564511454
Risk 1.5x,Risk,1.5,Informed-RRT*,1227,1366,1,1,9.27794548330734,94.7658175433163,1.94015019167669,0,0,13.947961012855,13.947961012855
Risk 1.5x,Risk,1.5,Informed-RRT*,1227,1419,1,0,8.98332974707555,96.0792944077886,1.70408130318776,0.0216969161787786,0.512499999999999,64.7676068828642,64.6591223019703
Risk 1.5x,Risk,1.5,Informed-RRT*,1475,1561,1,1,8.58633663030838,76.604638747367,2.4619728220526,5.10100205289911e-05,0,14.1494194142829,14.1491643641803
Risk 1.5x,Risk,1.5,Informed-RRT*,1475,1614,1,1,10.1743607415633,80.987381897487,3.29557697213772,0.0015167429560572,0,17.4631606793253,17.455576964545
Risk 1.5x,Risk,1.5,Informed-RRT*,1475,1667,1,1,7.682511072812,72.0306593393407,1.95287309669059,0,0,12.1885127606877,12.1885127606877
Risk 1.5x,Risk,1.5,Informed-RRT*,2312,2398,1,1,7.97613185911534,84.0683756715136,1.49986329510263,0.029191104535821,0,12.1142948146205,11.9683392919414
Risk 1.5x,Risk,1.5,Informed-RRT*,2312,2451,1,0,6.86048906480197,80.7435180222296,0.796775603351078,0.103462532243691,1.55171830367044,165.850671272389,165.33335861117
Risk 1.5x,Risk,1.5,Informed-RRT*,2312,2504,1,0,7.86011723591314,84.4473616114031,1.4476470457669,0.0206726012753423,0.205128205128205,32.282048872826,32.1786858664492
Risk 1.5x,Risk,1.5,Informed-RRT*,2560,2646,0,0,NaN,NaN,NaN,NaN,NaN,NaN,NaN
Risk 1.5x,Risk,1.5,Informed-RRT*,2560,2699,0,0,NaN,NaN,NaN,NaN,NaN,NaN,NaN
Risk 1.5x,Risk,1.5,Informed-RRT*,2560,2752,0,0,NaN,NaN,NaN,NaN,NaN,NaN,NaN
Risk 1.5x,Risk,1.5,ST-EA*,483,NaN,0,0,NaN,NaN,NaN,NaN,NaN,NaN,NaN
Risk 1.5x,Risk,1.5,ST-EA*,638,NaN,0,0,NaN,NaN,NaN,NaN,NaN,NaN,NaN
Risk 1.5x,Risk,1.5,ST-EA*,855,NaN,1,1,7.01149682212551,84.813616011421,0.444044203750937,0.000801910435055419,0,8.61839401958173,8.61438446740645
Risk 1.5x,Risk,1.5,ST-EA*,948,NaN,1,1,7.08295012393281,86.2608585888592,0.454952557844741,0,0,8.71169572786279,8.71169572786279
Risk 1.5x,Risk,1.5,ST-EA*,1041,NaN,0,0,NaN,NaN,NaN,NaN,NaN,NaN,NaN
Risk 1.5x,Risk,1.5,ST-EA*,1103,NaN,1,1,6.13704758784093,72.9672940789404,0.44152631500133,0.00129174375233382,0,7.64753715811977,7.6410784393581
Risk 1.5x,Risk,1.5,ST-EA*,1227,NaN,1,1,7.39430193936274,90.6757607813788,0.445744425623543,0,0,9.04142213045465,9.04142213045465
Risk 1.5x,Risk,1.5,ST-EA*,1475,NaN,1,1,5.92553046054186,70.4744448646391,0.463985095751033,0,0,7.44078769258259,7.44078769258259
Risk 1.5x,Risk,1.5,ST-EA*,2312,NaN,1,1,6.91453295079993,83.2592215008807,0.448785444702423,0.00476439197245223,0,8.57739656563223,8.55357460576997
Risk 1.5x,Risk,1.5,ST-EA*,2560,NaN,0,0,NaN,NaN,NaN,NaN,NaN,NaN,NaN
Risk 1.5x,Risk,1.5,Greedy,483,NaN,1,0,23.9668152302,126.9642022834,7.93932212139834,0.446043297320618,32.7913140412865,3326.72554808049,3324.49533159388
Risk 1.5x,Risk,1.5,Greedy,638,NaN,1,0,14.1200031631725,106.18125566271,3.96448525192097,0.00225087882376103,20.4493528062792,2067.90286127448,2067.89160688037
Risk 1.5x,Risk,1.5,Greedy,855,NaN,1,0,21.6351820816271,118.179761266437,6.78785810564997,0.0195057042008336,31.4527723337997,3181.7655485798,3181.66802005879
Risk 1.5x,Risk,1.5,Greedy,948,NaN,1,0,24.4604079415675,134.184256144743,9.05936586639536,0.022199046660636,19.4396008400659,1987.99041151539,1987.87941628209
Risk 1.5x,Risk,1.5,Greedy,1041,NaN,1,0,19.6841141999795,115.808055058269,6.08870637728634,0.105485293242968,39.7490046130998,4009.30933478866,4008.78190832245
Risk 1.5x,Risk,1.5,Greedy,1103,NaN,1,0,50.4486519824274,337.672632504886,10.3755752802698,1.71818470045589,129.340140702427,13033.8005818967,13025.2096583944
Risk 1.5x,Risk,1.5,Greedy,1227,NaN,1,0,25.1523511595048,133.337728081013,8.65290985223017,0.0945456636301691,25.1863032396396,2563.61782751639,2563.14509919824
Risk 1.5x,Risk,1.5,Greedy,1475,NaN,1,0,53.2875017067135,157.36276436244,16.4738525606885,0.0641104359216525,90.9657303720952,9185.08125694612,9184.76070476651
Risk 1.5x,Risk,1.5,Greedy,2312,NaN,1,0,46.3484685778601,152.372798904267,13.6390420451458,0.331743364520424,81.6463882818016,8244.51130464033,8242.85258781772
Risk 1.5x,Risk,1.5,Greedy,2560,NaN,1,0,23.827976495935,124.315226768741,7.94556717861246,0.158643087138468,20.8102698022928,2124.16169761259,2123.36848217689
Penalty 0.5x,Penalty,0.5,RA-ALA,483,547,1,1,8.15383604693111,100.076807823234,0.704259938927398,0.0538581536037746,0,10.9349108593506,10.9349108593506
Penalty 0.5x,Penalty,0.5,RA-ALA,483,600,1,1,10.2101142994544,114.746500703153,1.23538478999675,0.057097753708506,0,14.2080822557259,14.2080822557259
Penalty 0.5x,Penalty,0.5,RA-ALA,483,653,1,1,8.37556242093647,99.9873343046541,1.01146715337534,0.0350967733224698,0,11.582692246784,11.582692246784
Penalty 0.5x,Penalty,0.5,RA-ALA,638,702,1,0,8.23397536500022,97.8205988004526,0.75701166246113,0.00904236212027807,1.40581453545686,80.9443207406388,151.235047513482
Penalty 0.5x,Penalty,0.5,RA-ALA,638,755,1,0,7.02677102508788,91.7284720419171,0.474283540416426,0,0.00731132783877769,9.10530843154226,9.47087482348114
Penalty 0.5x,Penalty,0.5,RA-ALA,638,808,1,0,8.18729613111483,96.0898794880488,1.42969974096802,0.0117410121574056,0.00672470906483107,12.3010901836002,12.6373256368418
Penalty 0.5x,Penalty,0.5,RA-ALA,855,919,1,1,10.4688215699344,109.778947290673,2.00086905054339,0.0149783377903816,0,15.5351676096806,15.5351676096806
Penalty 0.5x,Penalty,0.5,RA-ALA,855,972,1,1,6.46161315814858,85.6703971184415,0.0462568768313119,0,0,7.26804688779822,7.26804688779822
Penalty 0.5x,Penalty,0.5,RA-ALA,855,1025,1,1,8.42830672182967,95.3962387352999,1.07621052646887,0.000632490601668396,0,11.3820213369116,11.3820213369116
Penalty 0.5x,Penalty,0.5,RA-ALA,948,1012,1,1,6.71512535054084,86.5737965397211,0.360644721777344,4.36686298008747e-05,0,8.15829978489121,8.15829978489121
Penalty 0.5x,Penalty,0.5,RA-ALA,948,1065,1,1,6.8562078496853,87.0212696096227,0.372091825736634,0.00342566853403561,0,8.35982543324578,8.35982543324578
Penalty 0.5x,Penalty,0.5,RA-ALA,948,1118,1,1,7.25548039279388,88.8059320718881,0.631208807328431,0.0019556928595471,0,9.27750436997862,9.27750436997862
Penalty 0.5x,Penalty,0.5,RA-ALA,1041,1105,1,1,8.59263336384759,96.3632050301627,1.1194258916925,8.65873129914025e-05,0,11.6353777289472,11.6353777289472
Penalty 0.5x,Penalty,0.5,RA-ALA,1041,1158,1,0,13.1048079297605,144.089631499926,2.00977813103307,0.0174057276582073,0.869523440304532,61.9753404128014,105.451512428028
Penalty 0.5x,Penalty,0.5,RA-ALA,1041,1211,1,0,9.69148667919162,114.011664307467,1.28114107797731,0,0.869714132321639,56.6895726537904,100.175279269872
Penalty 0.5x,Penalty,0.5,RA-ALA,1103,1167,1,1,5.784049788273,70.5129852525987,0.494738189502689,0.0131083945624939,0,7.49221832334164,7.49221832334164
Penalty 0.5x,Penalty,0.5,RA-ALA,1103,1220,1,1,5.56895781893055,70.7514205904272,0.467809109408127,0.00432118696897065,0,7.13738307902341,7.13738307902341
Penalty 0.5x,Penalty,0.5,RA-ALA,1103,1273,1,1,6.11752407208882,70.5552404653062,0.805287200974742,0.0125026821805292,0,8.44108563305448,8.44108563305448
Penalty 0.5x,Penalty,0.5,RA-ALA,1227,1291,1,1,9.53221838179634,98.4069079020996,1.9948089468182,0.000920787073964538,0,14.3511017120232,14.3511017120232
Penalty 0.5x,Penalty,0.5,RA-ALA,1227,1344,1,1,7.17532368028695,90.4416072325564,0.45656886390939,0,0,8.84214146837704,8.84214146837704
Penalty 0.5x,Penalty,0.5,RA-ALA,1227,1397,1,1,7.53791665506141,98.3504468082671,0.47328148838425,0.00297861981606538,0,9.33385288672612,9.33385288672612
Penalty 0.5x,Penalty,0.5,RA-ALA,1475,1539,1,1,6.07934254071172,70.4193239403963,0.900762349412162,0,0,8.46769493903934,8.46769493903934
Penalty 0.5x,Penalty,0.5,RA-ALA,1475,1592,1,1,5.54936213226354,67.453064073019,0.514368193296314,9.29445916241159e-05,0,7.14113683204756,7.14113683204756
Penalty 0.5x,Penalty,0.5,RA-ALA,1475,1645,1,1,5.48691657433538,68.548852607184,0.474819233009625,4.35582695166917e-05,0,7.008231061443,7.008231061443
Penalty 0.5x,Penalty,0.5,RA-ALA,2312,2376,1,1,7.13428837184972,83.5127815640736,0.831286699072747,0,0,9.49280161636249,9.49280161636249
Penalty 0.5x,Penalty,0.5,RA-ALA,2312,2429,1,1,6.82926122596219,86.2738476448991,0.602978213674786,0.000703680393140862,0,8.76120318761733,8.76120318761733
Penalty 0.5x,Penalty,0.5,RA-ALA,2312,2482,1,1,8.17465829896202,95.5146012194315,0.97878673558453,0.0155481602478779,0,11.0836683827718,11.0836683827718
Penalty 0.5x,Penalty,0.5,RA-ALA,2560,2624,1,1,7.13924743449586,80.368124159768,1.13559087105626,0.00208278262074165,0,10.1009913708139,10.1009913708139
Penalty 0.5x,Penalty,0.5,RA-ALA,2560,2677,1,0,14.8446209670614,144.507342050458,3.39789061319217,0.0189461024153748,0.112216775100351,28.6449298230375,34.2557685780551
Penalty 0.5x,Penalty,0.5,RA-ALA,2560,2730,1,1,8.76081592781764,84.4974047748592,2.16155403716205,0.0124957019821948,0,13.9130260617542,13.9130260617542
Penalty 0.5x,Penalty,0.5,Energy-A*,483,NaN,1,1,7.3899305218494,90.3309860073339,0.445377793962028,0.574152118151938,0,14.7749655080206,14.7749655080206
Penalty 0.5x,Penalty,0.5,Energy-A*,638,NaN,1,0,7.51290258166744,91.9184021721214,0.440618933173671,0,1.58812792378808,88.5665233221865,167.97291951159
Penalty 0.5x,Penalty,0.5,Energy-A*,855,NaN,1,1,7.00956783670042,84.7861235705395,0.444044203750937,0.00425923441662897,0,8.64679961812307,8.64679961812307
Penalty 0.5x,Penalty,0.5,Energy-A*,948,NaN,1,1,7.54937834441255,91.9236739676502,0.454952557844741,0,0,9.22531407649912,9.22531407649912
Penalty 0.5x,Penalty,0.5,Energy-A*,1041,NaN,1,0,7.08403294810438,86.037382694546,0.441646631261612,0.00885779480981272,3.28979428200548,173.262596448121,337.752310548395
Penalty 0.5x,Penalty,0.5,Energy-A*,1103,NaN,0,0,NaN,NaN,NaN,NaN,NaN,NaN,NaN
Penalty 0.5x,Penalty,0.5,Energy-A*,1227,NaN,1,1,7.66954577132874,94.0635830531745,0.445744425623543,0,0,9.34489781468561,9.34489781468561
Penalty 0.5x,Penalty,0.5,Energy-A*,1475,NaN,1,1,6.45020343104816,73.9322221880963,0.671278605592387,0,0,8.4088624938004,8.4088624938004
Penalty 0.5x,Penalty,0.5,Energy-A*,2312,NaN,1,1,7.19065472027393,86.8542273259752,0.448785444702423,0.243506936553431,0,11.2470802029295,11.2470802029295
Penalty 0.5x,Penalty,0.5,Energy-A*,2560,NaN,1,0,7.11915795353601,86.1017946382157,0.464147717544105,0.103816683971556,0.166743106978164,18.1402905325665,26.4774458814747
Penalty 0.5x,Penalty,0.5,Informed-RRT*,483,569,1,0,8.33380265532389,88.0516493669614,1.58331662681967,0.847195883309103,4.00104394480474,220.758355727016,420.810552967253
Penalty 0.5x,Penalty,0.5,Informed-RRT*,483,622,1,0,8.16411088458937,88.9588123403382,1.31159675184838,1.30966089974306,10.0432588455004,526.788179096904,1028.95112137192
Penalty 0.5x,Penalty,0.5,Informed-RRT*,483,675,1,0,8.62425511022709,88.8761601646126,1.76541397493521,1.26962565028556,9.45473316243918,498.328632352951,971.06529047491
Penalty 0.5x,Penalty,0.5,Informed-RRT*,638,724,0,0,NaN,NaN,NaN,NaN,NaN,NaN,NaN
Penalty 0.5x,Penalty,0.5,Informed-RRT*,638,777,0,0,NaN,NaN,NaN,NaN,NaN,NaN,NaN
Penalty 0.5x,Penalty,0.5,Informed-RRT*,638,830,0,0,NaN,NaN,NaN,NaN,NaN,NaN,NaN
Penalty 0.5x,Penalty,0.5,Informed-RRT*,855,941,1,1,8.96193621575657,90.8177975482536,1.99319572870031,0.312231792719147,0,16.8274605799174,16.8274605799174
Penalty 0.5x,Penalty,0.5,Informed-RRT*,855,994,1,0,8.81376330759704,92.204879554606,1.77065867689201,0.404967130754288,0.868740274896799,60.6101397100523,104.047153454892
Penalty 0.5x,Penalty,0.5,Informed-RRT*,855,1047,1,0,7.77140470869576,84.274968554858,1.28168920714492,0.0116463684252252,0.250000000000002,23.6535382118618,36.1535382118618
Penalty 0.5x,Penalty,0.5,Informed-RRT*,948,1034,1,0,9.1221413374736,95.7503227937804,1.7956386147934,0.0322233904782205,0.322999581064098,29.9835508816623,46.1335299348672
Penalty 0.5x,Penalty,0.5,Informed-RRT*,948,1087,1,1,9.10774866406403,92.196017133568,2.00314665386811,0.00397873991018449,0,13.9221295136818,13.9221295136818
Penalty 0.5x,Penalty,0.5,Informed-RRT*,948,1140,1,0,7.73522476868856,87.8613461724552,1.06296841349843,0.0111446591461261,0.444444444444445,32.9270082941394,55.1492305163616
Penalty 0.5x,Penalty,0.5,Informed-RRT*,1041,1127,0,0,NaN,NaN,NaN,NaN,NaN,NaN,NaN
Penalty 0.5x,Penalty,0.5,Informed-RRT*,1041,1180,0,0,NaN,NaN,NaN,NaN,NaN,NaN,NaN
Penalty 0.5x,Penalty,0.5,Informed-RRT*,1041,1233,0,0,NaN,NaN,NaN,NaN,NaN,NaN,NaN
Penalty 0.5x,Penalty,0.5,Informed-RRT*,1103,1189,1,1,7.3806904562533,73.0011434702517,1.70963516712409,0.00811657843477341,0,11.4894694371013,11.4894694371013
Penalty 0.5x,Penalty,0.5,Informed-RRT*,1103,1242,1,0,7.29187649558715,75.193701974023,1.51052877514889,0.466726288075901,4.10811704755824,221.012663487673,426.418515865585
Penalty 0.5x,Penalty,0.5,Informed-RRT*,1103,1295,1,0,7.81850771797329,74.015911345428,2.01576828215173,0.0269911591124456,0.3875,32.1117551346131,51.4867551346131
Penalty 0.5x,Penalty,0.5,Informed-RRT*,1227,1313,1,1,9.06007221258049,99.1690009967276,1.58223970952049,0.00629964778845476,0,13.1139564511454,13.1139564511454
Penalty 0.5x,Penalty,0.5,Informed-RRT*,1227,1366,1,1,9.27794548330734,94.7658175433163,1.94015019167669,0,0,13.947961012855,13.947961012855
Penalty 0.5x,Penalty,0.5,Informed-RRT*,1227,1419,1,0,8.98332974707555,96.0792944077886,1.70408130318776,0.0216969161787786,0.512499999999999,39.0341223019704,64.6591223019703
Penalty 0.5x,Penalty,0.5,Informed-RRT*,1475,1561,1,1,8.58633663030838,76.604638747367,2.4619728220526,5.10100205289911e-05,0,14.1491643641803,14.1491643641803
Penalty 0.5x,Penalty,0.5,Informed-RRT*,1475,1614,1,1,10.1743607415633,80.987381897487,3.29557697213772,0.0015167429560572,0,17.455576964545,17.455576964545
Penalty 0.5x,Penalty,0.5,Informed-RRT*,1475,1667,1,1,7.682511072812,72.0306593393407,1.95287309669059,0,0,12.1885127606877,12.1885127606877
Penalty 0.5x,Penalty,0.5,Informed-RRT*,2312,2398,1,1,7.97613185911534,84.0683756715136,1.49986329510263,0.029191104535821,0,11.9683392919414,11.9683392919414
Penalty 0.5x,Penalty,0.5,Informed-RRT*,2312,2451,1,0,6.86048906480197,80.7435180222296,0.796775603351078,0.103462532243691,1.55171830367044,87.7474434276482,165.33335861117
Penalty 0.5x,Penalty,0.5,Informed-RRT*,2312,2504,1,0,7.86011723591314,84.4473616114031,1.4476470457669,0.0206726012753423,0.205128205128205,21.922275610039,32.1786858664492
Penalty 0.5x,Penalty,0.5,Informed-RRT*,2560,2646,0,0,NaN,NaN,NaN,NaN,NaN,NaN,NaN
Penalty 0.5x,Penalty,0.5,Informed-RRT*,2560,2699,0,0,NaN,NaN,NaN,NaN,NaN,NaN,NaN
Penalty 0.5x,Penalty,0.5,Informed-RRT*,2560,2752,0,0,NaN,NaN,NaN,NaN,NaN,NaN,NaN
Penalty 0.5x,Penalty,0.5,ST-EA*,483,NaN,0,0,NaN,NaN,NaN,NaN,NaN,NaN,NaN
Penalty 0.5x,Penalty,0.5,ST-EA*,638,NaN,0,0,NaN,NaN,NaN,NaN,NaN,NaN,NaN
Penalty 0.5x,Penalty,0.5,ST-EA*,855,NaN,1,1,7.01149682212551,84.813616011421,0.444044203750937,0.000801910435055419,0,8.61438446740645,8.61438446740645
Penalty 0.5x,Penalty,0.5,ST-EA*,948,NaN,1,1,7.08295012393281,86.2608585888592,0.454952557844741,0,0,8.71169572786279,8.71169572786279
Penalty 0.5x,Penalty,0.5,ST-EA*,1041,NaN,0,0,NaN,NaN,NaN,NaN,NaN,NaN,NaN
Penalty 0.5x,Penalty,0.5,ST-EA*,1103,NaN,1,1,6.13704758784093,72.9672940789404,0.44152631500133,0.00129174375233382,0,7.6410784393581,7.6410784393581
Penalty 0.5x,Penalty,0.5,ST-EA*,1227,NaN,1,1,7.39430193936274,90.6757607813788,0.445744425623543,0,0,9.04142213045465,9.04142213045465
Penalty 0.5x,Penalty,0.5,ST-EA*,1475,NaN,1,1,5.92553046054186,70.4744448646391,0.463985095751033,0,0,7.44078769258259,7.44078769258259
Penalty 0.5x,Penalty,0.5,ST-EA*,2312,NaN,1,1,6.91453295079993,83.2592215008807,0.448785444702423,0.00476439197245223,0,8.55357460576997,8.55357460576997
Penalty 0.5x,Penalty,0.5,ST-EA*,2560,NaN,0,0,NaN,NaN,NaN,NaN,NaN,NaN,NaN
Penalty 0.5x,Penalty,0.5,Greedy,483,NaN,1,0,23.9668152302,126.9642022834,7.93932212139834,0.446043297320618,32.7913140412865,1684.92962952956,3324.49533159388
Penalty 0.5x,Penalty,0.5,Greedy,638,NaN,1,0,14.1200031631725,106.18125566271,3.96448525192097,0.00225087882376103,20.4493528062792,1045.4239665664,2067.89160688037
Penalty 0.5x,Penalty,0.5,Greedy,855,NaN,1,0,21.6351820816271,118.179761266437,6.78785810564997,0.0195057042008336,31.4527723337997,1609.02940336881,3181.66802005879
Penalty 0.5x,Penalty,0.5,Greedy,948,NaN,1,0,24.4604079415675,134.184256144743,9.05936586639536,0.022199046660636,19.4396008400659,1015.8993742788,1987.87941628209
Penalty 0.5x,Penalty,0.5,Greedy,1041,NaN,1,0,19.6841141999795,115.808055058269,6.08870637728634,0.105485293242968,39.7490046130998,2021.33167766746,4008.78190832245
Penalty 0.5x,Penalty,0.5,Greedy,1103,NaN,1,0,50.4486519824274,337.672632504886,10.3755752802698,1.71818470045589,129.340140702427,6558.20262327309,13025.2096583944
Penalty 0.5x,Penalty,0.5,Greedy,1227,NaN,1,0,25.1523511595048,133.337728081013,8.65290985223017,0.0945456636301691,25.1863032396396,1303.82993721626,2563.14509919824
Penalty 0.5x,Penalty,0.5,Greedy,1475,NaN,1,0,53.2875017067135,157.36276436244,16.4738525606885,0.0641104359216525,90.9657303720952,4636.47418616175,9184.76070476651
Penalty 0.5x,Penalty,0.5,Greedy,2312,NaN,1,0,46.3484685778601,152.372798904267,13.6390420451458,0.331743364520424,81.6463882818016,4160.53317372764,8242.85258781772
Penalty 0.5x,Penalty,0.5,Greedy,2560,NaN,1,0,23.827976495935,124.315226768741,7.94556717861246,0.158643087138468,20.8102698022928,1082.85499206226,2123.36848217689
Penalty 1.5x,Penalty,1.5,RA-ALA,483,547,1,1,8.15383604693111,100.076807823234,0.704259938927398,0.0538581536037746,0,10.9349108593506,10.9349108593506
Penalty 1.5x,Penalty,1.5,RA-ALA,483,600,1,1,10.2101142994544,114.746500703153,1.23538478999675,0.057097753708506,0,14.2080822557259,14.2080822557259
Penalty 1.5x,Penalty,1.5,RA-ALA,483,653,1,1,8.37556242093647,99.9873343046541,1.01146715337534,0.0350967733224698,0,11.582692246784,11.582692246784
Penalty 1.5x,Penalty,1.5,RA-ALA,638,702,1,0,8.23397536500022,97.8205988004526,0.75701166246113,0.00904236212027807,1.40581453545686,221.525774286325,151.235047513482
Penalty 1.5x,Penalty,1.5,RA-ALA,638,755,1,0,7.02677102508788,91.7284720419171,0.474283540416426,0,0.00731132783877769,9.83644121542003,9.47087482348114
Penalty 1.5x,Penalty,1.5,RA-ALA,638,808,1,0,8.18729613111483,96.0898794880488,1.42969974096802,0.0117410121574056,0.00672470906483107,12.9735610900833,12.6373256368418
Penalty 1.5x,Penalty,1.5,RA-ALA,855,919,1,1,10.4688215699344,109.778947290673,2.00086905054339,0.0149783377903816,0,15.5351676096806,15.5351676096806
Penalty 1.5x,Penalty,1.5,RA-ALA,855,972,1,1,6.46161315814858,85.6703971184415,0.0462568768313119,0,0,7.26804688779822,7.26804688779822
Penalty 1.5x,Penalty,1.5,RA-ALA,855,1025,1,1,8.42830672182967,95.3962387352999,1.07621052646887,0.000632490601668396,0,11.3820213369116,11.3820213369116
Penalty 1.5x,Penalty,1.5,RA-ALA,948,1012,1,1,6.71512535054084,86.5737965397211,0.360644721777344,4.36686298008747e-05,0,8.15829978489121,8.15829978489121
Penalty 1.5x,Penalty,1.5,RA-ALA,948,1065,1,1,6.8562078496853,87.0212696096227,0.372091825736634,0.00342566853403561,0,8.35982543324578,8.35982543324578
Penalty 1.5x,Penalty,1.5,RA-ALA,948,1118,1,1,7.25548039279388,88.8059320718881,0.631208807328431,0.0019556928595471,0,9.27750436997862,9.27750436997862
Penalty 1.5x,Penalty,1.5,RA-ALA,1041,1105,1,1,8.59263336384759,96.3632050301627,1.1194258916925,8.65873129914025e-05,0,11.6353777289472,11.6353777289472
Penalty 1.5x,Penalty,1.5,RA-ALA,1041,1158,1,0,13.1048079297605,144.089631499926,2.00977813103307,0.0174057276582073,0.869523440304532,148.927684443255,105.451512428028
Penalty 1.5x,Penalty,1.5,RA-ALA,1041,1211,1,0,9.69148667919162,114.011664307467,1.28114107797731,0,0.869714132321639,143.660985885954,100.175279269872
Penalty 1.5x,Penalty,1.5,RA-ALA,1103,1167,1,1,5.784049788273,70.5129852525987,0.494738189502689,0.0131083945624939,0,7.49221832334164,7.49221832334164
Penalty 1.5x,Penalty,1.5,RA-ALA,1103,1220,1,1,5.56895781893055,70.7514205904272,0.467809109408127,0.00432118696897065,0,7.13738307902341,7.13738307902341
Penalty 1.5x,Penalty,1.5,RA-ALA,1103,1273,1,1,6.11752407208882,70.5552404653062,0.805287200974742,0.0125026821805292,0,8.44108563305448,8.44108563305448
Penalty 1.5x,Penalty,1.5,RA-ALA,1227,1291,1,1,9.53221838179634,98.4069079020996,1.9948089468182,0.000920787073964538,0,14.3511017120232,14.3511017120232
Penalty 1.5x,Penalty,1.5,RA-ALA,1227,1344,1,1,7.17532368028695,90.4416072325564,0.45656886390939,0,0,8.84214146837704,8.84214146837704
Penalty 1.5x,Penalty,1.5,RA-ALA,1227,1397,1,1,7.53791665506141,98.3504468082671,0.47328148838425,0.00297861981606538,0,9.33385288672612,9.33385288672612
Penalty 1.5x,Penalty,1.5,RA-ALA,1475,1539,1,1,6.07934254071172,70.4193239403963,0.900762349412162,0,0,8.46769493903934,8.46769493903934
Penalty 1.5x,Penalty,1.5,RA-ALA,1475,1592,1,1,5.54936213226354,67.453064073019,0.514368193296314,9.29445916241159e-05,0,7.14113683204756,7.14113683204756
Penalty 1.5x,Penalty,1.5,RA-ALA,1475,1645,1,1,5.48691657433538,68.548852607184,0.474819233009625,4.35582695166917e-05,0,7.008231061443,7.008231061443
Penalty 1.5x,Penalty,1.5,RA-ALA,2312,2376,1,1,7.13428837184972,83.5127815640736,0.831286699072747,0,0,9.49280161636249,9.49280161636249
Penalty 1.5x,Penalty,1.5,RA-ALA,2312,2429,1,1,6.82926122596219,86.2738476448991,0.602978213674786,0.000703680393140862,0,8.76120318761733,8.76120318761733
Penalty 1.5x,Penalty,1.5,RA-ALA,2312,2482,1,1,8.17465829896202,95.5146012194315,0.97878673558453,0.0155481602478779,0,11.0836683827718,11.0836683827718
Penalty 1.5x,Penalty,1.5,RA-ALA,2560,2624,1,1,7.13924743449586,80.368124159768,1.13559087105626,0.00208278262074165,0,10.1009913708139,10.1009913708139
Penalty 1.5x,Penalty,1.5,RA-ALA,2560,2677,1,0,14.8446209670614,144.507342050458,3.39789061319217,0.0189461024153748,0.112216775100351,39.8666073330726,34.2557685780551
Penalty 1.5x,Penalty,1.5,RA-ALA,2560,2730,1,1,8.76081592781764,84.4974047748592,2.16155403716205,0.0124957019821948,0,13.9130260617542,13.9130260617542
Penalty 1.5x,Penalty,1.5,Energy-A*,483,NaN,1,1,7.3899305218494,90.3309860073339,0.445377793962028,0.574152118151938,0,14.7749655080206,14.7749655080206
Penalty 1.5x,Penalty,1.5,Energy-A*,638,NaN,1,0,7.51290258166744,91.9184021721214,0.440618933173671,0,1.58812792378808,247.379315700994,167.97291951159
Penalty 1.5x,Penalty,1.5,Energy-A*,855,NaN,1,1,7.00956783670042,84.7861235705395,0.444044203750937,0.00425923441662897,0,8.64679961812307,8.64679961812307
Penalty 1.5x,Penalty,1.5,Energy-A*,948,NaN,1,1,7.54937834441255,91.9236739676502,0.454952557844741,0,0,9.22531407649912,9.22531407649912
Penalty 1.5x,Penalty,1.5,Energy-A*,1041,NaN,1,0,7.08403294810438,86.037382694546,0.441646631261612,0.00885779480981272,3.28979428200548,502.242024648669,337.752310548395
Penalty 1.5x,Penalty,1.5,Energy-A*,1103,NaN,0,0,NaN,NaN,NaN,NaN,NaN,NaN,NaN
Penalty 1.5x,Penalty,1.5,Energy-A*,1227,NaN,1,1,7.66954577132874,94.0635830531745,0.445744425623543,0,0,9.34489781468561,9.34489781468561
Penalty 1.5x,Penalty,1.5,Energy-A*,1475,NaN,1,1,6.45020343104816,73.9322221880963,0.671278605592387,0,0,8.4088624938004,8.4088624938004
Penalty 1.5x,Penalty,1.5,Energy-A*,2312,NaN,1,1,7.19065472027393,86.8542273259752,0.448785444702423,0.243506936553431,0,11.2470802029295,11.2470802029295
Penalty 1.5x,Penalty,1.5,Energy-A*,2560,NaN,1,0,7.11915795353601,86.1017946382157,0.464147717544105,0.103816683971556,0.166743106978164,34.8146012303829,26.4774458814747
Penalty 1.5x,Penalty,1.5,Informed-RRT*,483,569,1,0,8.33380265532389,88.0516493669614,1.58331662681967,0.847195883309103,4.00104394480474,620.862750207491,420.810552967253
Penalty 1.5x,Penalty,1.5,Informed-RRT*,483,622,1,0,8.16411088458937,88.9588123403382,1.31159675184838,1.30966089974306,10.0432588455004,1531.11406364694,1028.95112137192
Penalty 1.5x,Penalty,1.5,Informed-RRT*,483,675,1,0,8.62425511022709,88.8761601646126,1.76541397493521,1.26962565028556,9.45473316243918,1443.80194859687,971.06529047491
Penalty 1.5x,Penalty,1.5,Informed-RRT*,638,724,0,0,NaN,NaN,NaN,NaN,NaN,NaN,NaN
Penalty 1.5x,Penalty,1.5,Informed-RRT*,638,777,0,0,NaN,NaN,NaN,NaN,NaN,NaN,NaN
Penalty 1.5x,Penalty,1.5,Informed-RRT*,638,830,0,0,NaN,NaN,NaN,NaN,NaN,NaN,NaN
Penalty 1.5x,Penalty,1.5,Informed-RRT*,855,941,1,1,8.96193621575657,90.8177975482536,1.99319572870031,0.312231792719147,0,16.8274605799174,16.8274605799174
Penalty 1.5x,Penalty,1.5,Informed-RRT*,855,994,1,0,8.81376330759704,92.204879554606,1.77065867689201,0.404967130754288,0.868740274896799,147.484167199732,104.047153454892
Penalty 1.5x,Penalty,1.5,Informed-RRT*,855,1047,1,0,7.77140470869576,84.274968554858,1.28168920714492,0.0116463684252252,0.250000000000002,48.6535382118619,36.1535382118618
Penalty 1.5x,Penalty,1.5,Informed-RRT*,948,1034,1,0,9.1221413374736,95.7503227937804,1.7956386147934,0.0322233904782205,0.322999581064098,62.2835089880721,46.1335299348672
Penalty 1.5x,Penalty,1.5,Informed-RRT*,948,1087,1,1,9.10774866406403,92.196017133568,2.00314665386811,0.00397873991018449,0,13.9221295136818,13.9221295136818
Penalty 1.5x,Penalty,1.5,Informed-RRT*,948,1140,1,0,7.73522476868856,87.8613461724552,1.06296841349843,0.0111446591461261,0.444444444444445,77.3714527385838,55.1492305163616
Penalty 1.5x,Penalty,1.5,Informed-RRT*,1041,1127,0,0,NaN,NaN,NaN,NaN,NaN,NaN,NaN
Penalty 1.5x,Penalty,1.5,Informed-RRT*,1041,1180,0,0,NaN,NaN,NaN,NaN,NaN,NaN,NaN
Penalty 1.5x,Penalty,1.5,Informed-RRT*,1041,1233,0,0,NaN,NaN,NaN,NaN,NaN,NaN,NaN
Penalty 1.5x,Penalty,1.5,Informed-RRT*,1103,1189,1,1,7.3806904562533,73.0011434702517,1.70963516712409,0.00811657843477341,0,11.4894694371013,11.4894694371013
Penalty 1.5x,Penalty,1.5,Informed-RRT*,1103,1242,1,0,7.29187649558715,75.193701974023,1.51052877514889,0.466726288075901,4.10811704755824,631.824368243497,426.418515865585
Penalty 1.5x,Penalty,1.5,Informed-RRT*,1103,1295,1,0,7.81850771797329,74.015911345428,2.01576828215173,0.0269911591124456,0.3875,70.8617551346131,51.4867551346131
Penalty 1.5x,Penalty,1.5,Informed-RRT*,1227,1313,1,1,9.06007221258049,99.1690009967276,1.58223970952049,0.00629964778845476,0,13.1139564511454,13.1139564511454
Penalty 1.5x,Penalty,1.5,Informed-RRT*,1227,1366,1,1,9.27794548330734,94.7658175433163,1.94015019167669,0,0,13.947961012855,13.947961012855
Penalty 1.5x,Penalty,1.5,Informed-RRT*,1227,1419,1,0,8.98332974707555,96.0792944077886,1.70408130318776,0.0216969161787786,0.512499999999999,90.2841223019703,64.6591223019703
Penalty 1.5x,Penalty,1.5,Informed-RRT*,1475,1561,1,1,8.58633663030838,76.604638747367,2.4619728220526,5.10100205289911e-05,0,14.1491643641803,14.1491643641803
Penalty 1.5x,Penalty,1.5,Informed-RRT*,1475,1614,1,1,10.1743607415633,80.987381897487,3.29557697213772,0.0015167429560572,0,17.455576964545,17.455576964545
Penalty 1.5x,Penalty,1.5,Informed-RRT*,1475,1667,1,1,7.682511072812,72.0306593393407,1.95287309669059,0,0,12.1885127606877,12.1885127606877
Penalty 1.5x,Penalty,1.5,Informed-RRT*,2312,2398,1,1,7.97613185911534,84.0683756715136,1.49986329510263,0.029191104535821,0,11.9683392919414,11.9683392919414
Penalty 1.5x,Penalty,1.5,Informed-RRT*,2312,2451,1,0,6.86048906480197,80.7435180222296,0.796775603351078,0.103462532243691,1.55171830367044,242.919273794692,165.33335861117
Penalty 1.5x,Penalty,1.5,Informed-RRT*,2312,2504,1,0,7.86011723591314,84.4473616114031,1.4476470457669,0.0206726012753423,0.205128205128205,42.4350961228595,32.1786858664492
Penalty 1.5x,Penalty,1.5,Informed-RRT*,2560,2646,0,0,NaN,NaN,NaN,NaN,NaN,NaN,NaN
Penalty 1.5x,Penalty,1.5,Informed-RRT*,2560,2699,0,0,NaN,NaN,NaN,NaN,NaN,NaN,NaN
Penalty 1.5x,Penalty,1.5,Informed-RRT*,2560,2752,0,0,NaN,NaN,NaN,NaN,NaN,NaN,NaN
Penalty 1.5x,Penalty,1.5,ST-EA*,483,NaN,0,0,NaN,NaN,NaN,NaN,NaN,NaN,NaN
Penalty 1.5x,Penalty,1.5,ST-EA*,638,NaN,0,0,NaN,NaN,NaN,NaN,NaN,NaN,NaN
Penalty 1.5x,Penalty,1.5,ST-EA*,855,NaN,1,1,7.01149682212551,84.813616011421,0.444044203750937,0.000801910435055419,0,8.61438446740645,8.61438446740645
Penalty 1.5x,Penalty,1.5,ST-EA*,948,NaN,1,1,7.08295012393281,86.2608585888592,0.454952557844741,0,0,8.71169572786279,8.71169572786279
Penalty 1.5x,Penalty,1.5,ST-EA*,1041,NaN,0,0,NaN,NaN,NaN,NaN,NaN,NaN,NaN
Penalty 1.5x,Penalty,1.5,ST-EA*,1103,NaN,1,1,6.13704758784093,72.9672940789404,0.44152631500133,0.00129174375233382,0,7.6410784393581,7.6410784393581
Penalty 1.5x,Penalty,1.5,ST-EA*,1227,NaN,1,1,7.39430193936274,90.6757607813788,0.445744425623543,0,0,9.04142213045465,9.04142213045465
Penalty 1.5x,Penalty,1.5,ST-EA*,1475,NaN,1,1,5.92553046054186,70.4744448646391,0.463985095751033,0,0,7.44078769258259,7.44078769258259
Penalty 1.5x,Penalty,1.5,ST-EA*,2312,NaN,1,1,6.91453295079993,83.2592215008807,0.448785444702423,0.00476439197245223,0,8.55357460576997,8.55357460576997
Penalty 1.5x,Penalty,1.5,ST-EA*,2560,NaN,0,0,NaN,NaN,NaN,NaN,NaN,NaN,NaN
Penalty 1.5x,Penalty,1.5,Greedy,483,NaN,1,0,23.9668152302,126.9642022834,7.93932212139834,0.446043297320618,32.7913140412865,4964.06103365821,3324.49533159388
Penalty 1.5x,Penalty,1.5,Greedy,638,NaN,1,0,14.1200031631725,106.18125566271,3.96448525192097,0.00225087882376103,20.4493528062792,3090.35924719433,2067.89160688037
Penalty 1.5x,Penalty,1.5,Greedy,855,NaN,1,0,21.6351820816271,118.179761266437,6.78785810564997,0.0195057042008336,31.4527723337997,4754.30663674878,3181.66802005879
Penalty 1.5x,Penalty,1.5,Greedy,948,NaN,1,0,24.4604079415675,134.184256144743,9.05936586639536,0.022199046660636,19.4396008400659,2959.85945828539,1987.87941628209
Penalty 1.5x,Penalty,1.5,Greedy,1041,NaN,1,0,19.6841141999795,115.808055058269,6.08870637728634,0.105485293242968,39.7490046130998,5996.23213897744,4008.78190832245
Penalty 1.5x,Penalty,1.5,Greedy,1103,NaN,1,0,50.4486519824274,337.672632504886,10.3755752802698,1.71818470045589,129.340140702427,19492.2166935158,13025.2096583944
Penalty 1.5x,Penalty,1.5,Greedy,1227,NaN,1,0,25.1523511595048,133.337728081013,8.65290985223017,0.0945456636301691,25.1863032396396,3822.46026118022,2563.14509919824
Penalty 1.5x,Penalty,1.5,Greedy,1475,NaN,1,0,53.2875017067135,157.36276436244,16.4738525606885,0.0641104359216525,90.9657303720952,13733.0472233713,9184.76070476651
Penalty 1.5x,Penalty,1.5,Greedy,2312,NaN,1,0,46.3484685778601,152.372798904267,13.6390420451458,0.331743364520424,81.6463882818016,12325.1720019078,8242.85258781772
Penalty 1.5x,Penalty,1.5,Greedy,2560,NaN,1,0,23.827976495935,124.315226768741,7.94556717861246,0.158643087138468,20.8102698022928,3163.88197229153,2123.36848217689
